ID,データ種別,親ID,項目名,関連する共通キーワード
concept_01,共通キーワード,-,戦略・計画,物事を体系的に考え、目標達成までの道筋を立てる力。
concept_02,共通キーワード,-,分析・探求,物事の本質や構造を深く掘り下げ、知的な好奇心を満たす性質。
concept_03,共通キーワード,-,先見・大局観,未来を予測し、物事の全体像を捉える広い視野。
concept_04,共通キーワード,-,創造・革新,新しいアイデアや価値を生み出し、変革をもたらす力。
concept_05,共通キーワード,-,実行・達成,目標に向かって力強く行動し、具体的な結果を出す力。
concept_06,共通キーワード,-,リーダーシップ,人々を導き、方向性を示し、影響を与える力。
concept_07,共通キーワード,-,挑戦・困難,困難な状況に立ち向かい、リスクを恐れず挑戦する姿勢。
concept_08,共通キーワード,-,育成・支援,他者の成長を助け、サポートし、育む性質。
concept_09,共通キーワード,-,調和・平和,対立を避け、穏やかで安定した関係性を重んじる性質。
concept_10,共通キーワード,-,共感・受容,他者の感情や立場を理解し、受け入れる力。
concept_11,共通キーワード,-,感情・情熱,自身の内なる感情や強い想いを原動力とする性質。
concept_12,共通キーワード,-,表現・伝達,自分の考えや感情を外部に示し、他者に伝える力。
concept_13,共通キーワード,-,内省・静観,自己の内面と向き合い、静かに物事を観察・思索する状態。
concept_14,共通キーワード,-,持続・安定,物事を根気強く続け、一貫性を保ち、安定させる力。
concept_15,共通キーワード,-,成長・発展,状況が好転し、勢いを増して伸びていくプロセス。
concept_16,共通キーワード,-,正義・改善,正しさや理想を追求し、物事をより良い状態にしようとする意志。
concept_17,共通キーワード,-,困難・停滞,物事がうまく進まず、試練や障害に直面している状態。
concept_18,共通キーワード,-,本質・真実,物事の根源にある、飾りのない中心的な価値。
concept_19,共通キーワード,-,構造化・秩序,物事を整理し、ルールや体系を作り上げ、安定した形にする力。
concept_20,共通キーワード,-,社交性・人脈,他者と積極的に関わり、ネットワークを広げ、関係性を築く性質。
concept_21,共通キーワード,-,奉仕・貢献,他者や社会のために力を尽くし、全体の利益のために行動する意志。
concept_22,共通キーワード,-,知性・学習,知識を吸収し、学び、知的な探求そのものを楽しむ性質。
concept_23,共通キーワード,-,美的感覚・洗練,美しさ、調和、芸術性を感じ取り、物事を洗練させていく感性。
concept_24,共通キーワード,-,葛藤・矛盾,内面的な対立や、他者との意見の不一致など、相容れない要素がぶつかる状態。
concept_25,共通キーワード,-,始動・萌芽,物事が始まる瞬間や、新しい可能性が芽生える段階。
concept_26,共通キーワード,-,完成・集大成,物事が一つの形として結実し、頂点や終わりに達した状態。
concept_27,共通キーワード,-,循環・継続,途切れず続くこと。リズムやパターンが繰り返される性質。
concept_28,共通キーワード,-,変動・転換,状況が不安定に変化したり、大きな転換点を迎えたりする状態。
concept_29,共通キーワード,-,直感・感性,論理を超えたひらめきや、言葉にならない感覚、五感で物事を捉える力。
concept_30,共通キーワード,-,受動・待機,積極的に行動するのではなく、流れに身を任せたり、静かに機会を待ったりする姿勢。
concept_31,共通キーワード,-,自己変容・脱皮,自分自身が内面的に大きく変化し、古い自分を脱ぎ捨てて新しい段階へ進むこと。
concept_32,共通キーワード,-,権威・支配,他者や物事を直接的にコントロールし、強い影響力を行使する力。命令や統率。
concept_33,共通キーワード,-,追従・服従,リーダーや上位者の意思決定に従い、サポートし、忠実に実行する姿勢。
concept_34,共通キーワード,-,交渉・取引,戦略的な対話を通じて、利害を調整し、互いの合意点を見出すプロセス。
concept_35,共通キーワード,-,富・豊かさ,物質的・精神的な豊かさ、潤沢なリソース、有り余るほどの状態。
concept_36,共通キーワード,-,損失・浪費,リソースが失われること、浪費、物事が減少していく状態。
concept_37,共通キーワード,-,分配・贈与,リソースを分け与えること、他者への貢献、公正な配分。
concept_38,共通キーワード,-,父性・厳格,家族や組織に規律や構造をもたらす、厳格で指導的な性質。父の元型。
concept_39,共通キーワード,-,母性・慈愛,全てを包み込み、育み、無条件の愛情を注ぐ性質。母の元型。
concept_40,共通キーワード,-,家族・家庭,家庭という単位、その内部の力学や役割分担、帰属意識。
concept_41,共通キーワード,-,特殊・異端,一般的な規範や常識からは外れている、ユニークで特殊な在り方。孤高。
concept_42,共通キーワード,-,秘密・潜在,表面には見えない、隠された事情や可能性。内に秘めた力。
concept_43,共通キーワード,-,放浪・自由,定められた場所に留まらず、制約なく自由に行動し、探求する生き方。
concept_44,共通キーワード,-,依存・付着,何かに頼り、付着することで成り立つ状態。知性や美が他者に依存する側面。
sf_01,SF,-,戦略性,"戦略・計画,先見・大局観,分析・探求"
sf_02,SF,-,達成欲,"実行・達成,持続・安定,情熱・感情"
sf_03,SF,-,着想,"創造・革新,分析・探求,特殊・異端"
sf_04,SF,-,共感性,"共感・受容,感情・情熱"
sf_05,SF,-,調和性,"調和・平和,共感・受容"
sf_06,SF,-,内省,"内省・静観,分析・探求"
sf_07,SF,-,未来志向,"先見・大局観,創造・革新,情熱・感情"
sf_08,SF,-,責任感,"実行・達成,正義・改善,持続・安定,父性・厳格"
sf_09,SF,-,回復志向,"困難・停滞,正義・改善,分析・探求,損失・浪費"
sf_10,SF,-,運命思考,"本質・真実,共感・受容,先見・大局観,直感・感性"
sf_11,SF,-,分析思考,"分析・探求,本質・真実"
sf_12,SF,-,公平性,"正義・改善,持続・安定,調和・平和"
sf_13,SF,-,慎重さ,"内省・静観,戦略・計画,困難・停滞,構造化・秩序"
sf_14,SF,-,コミュニケーション,"表現・伝達,リーダーシップ,共感・受容"
sf_15,SF,-,社交性,"社交性・人脈,表現・伝達,挑戦・困難"
sf_16,SF,-,包含,"共感・受容,奉仕・貢献,調和・平和,母性・慈愛"
sf_17,SF,-,アレンジ,"戦略・計画,構造化・秩序,実行・達成"
sf_18,SF,-,規律性,"構造化・秩序,実行・達成,持続・安定"
sf_19,SF,-,自我,"リーダーシップ,表現・伝達,社交性・人脈"
sf_20,SF,-,学習欲,"知性・学習,分析・探求,内省・静観"
sf_21,SF,-,収集心,"知性・学習,分析・探求"
sf_22,SF,-,原点思考,"知性・学習,分析・探訪,本質・真実"
sf_23,SF,-,活発性,"実行・達成,挑戦・困難,情熱・感情,始動・萌芽"
sf_24,SF,-,目標志向,"実行・達成,戦略・計画,完成・集大成,富・豊かさ"
sf_25,SF,-,信念,"本質・真実,持続・安定,循環・継続"
sf_26,SF,-,適応性,"変動・転換,共感・受容,実行・達成,挑戦・困難"
sf_27,SF,-,自己確信,"実行・達成,リーダーシップ,直感・感性,権威・支配"
sf_28,SF,-,指揮,"権威・支配,リーダーシップ,実行・達成,挑戦・困難"
sf_29,SF,-,育成,"育成・支援,成長・発展,母性・慈愛"
sf_30,SF,-,ポジティブ,"感情・情熱,表現・伝達,成長・発展,社交性・人脈"
sf_31,SF,-,個別化,"分析・探求,育成・支援,特殊・異端,本質・真実"
sf_32,SF,-,親密性,"共感・受容,家族・家庭,本質・真実,持続・安定"
sf_33,SF,-,最上志向,"美的感覚・洗練,成長・発展,正義・改善,富・豊かさ"
sf_34,SF,-,競争性,"挑戦・困難,実行・達成,権威・支配,損失・浪費"
ennea_01,エニアグラム,-,タイプ1: 改革する人,"正義・改善,本質・真実,実行・達成,父性・厳格,構造化・秩序"
ennea_02,エニアグラム,-,タイプ2: 助ける人,"育成・支援,共感・受容,感情・情熱,分配・贈与"
ennea_03,エニアグラム,-,タイプ3: 達成する人,"実行・達成,成長・発展,表現・伝達,リーダーシップ"
ennea_04,エニアグラム,-,タイプ4: 個性を求める人,"感情・情熱,創造・革新,美的感覚・洗練,葛藤・矛盾,特殊・異端"
ennea_05,エニアグラム,-,タイプ5: 調べる人,"分析・探求,内省・静観,先見・大局観,秘密・潜在"
ennea_06,エニアグラム,-,タイプ6: 忠実な人,"持続・安定,分析・探求,困難・停滞,奉仕・貢献,追従・服従"
ennea_07,エニアグラム,-,タイプ7: 熱中する人,"創造・革新,挑戦・困難,成長・発展"
ennea_08,エニアグラム,-,タイプ8: 挑戦する人,"権威・支配,リーダーシップ,正義・改善,挑戦・困難,富・豊かさ"
ennea_09,エニアグラム,-,タイプ9: 平和をもたらす人,"調和・平和,共感・受容,持続・安定,受動・待機"
mbti_01,MBTI,-,INTP,"分析・探求,内省・静観,創造・革新,特殊・異端,困難・停滞"
mbti_02,MBTI,-,ENTJ,"リーダーシップ,実行・達成,戦略・計画,権威・支配"
mbti_03,MBTI,-,INFP,"内省・静観,共感・受容,感情・情熱,正義・改善,自己変容・脱皮"
mbti_04,MBTI,-,ESTP,"実行・達成,挑戦・困難,戦略・計画,変動・転換"
mbti_05,MBTI,-,ISTJ,"実行・達成,持続・安定,正義・改善,構造化・秩序"
mbti_06,MBTI,-,ENFP,"創造・革新,感情・情熱,表現・伝達,リーダーシップ"
mbti_07,MBTI,-,ISTP,"実行・達成,分析・探求,挑戦・困難,放浪・自由"
mbti_08,MBTI,-,ESFJ,"育成・支援,奉仕・貢献,社交性・人脈,調和・平和,家族・家庭"
mbti_09,MBTI,-,ISFJ,"育成・支援,奉仕・貢献,持続・安定,共感・受容,家族・家庭"
mbti_10,MBTI,-,ESTJ,"リーダーシップ,実行・達成,構造化・秩序,正義・改善,権威・支配"
mbti_11,MBTI,-,ISFP,"美的感覚・洗練,創造・革新,感情・情熱,挑戦・困難"
mbti_12,MBTI,-,ENTP,"知性・学習,挑戦・困難,創造・革新,葛藤・矛盾"
mbti_13,MBTI,-,INFJ,"先見・大局観,奉仕・貢献,正義・改善,本質・真実,直感・感性"
mbti_14,MBTI,-,ENFJ,"リーダーシップ,育成・支援,社交性・人脈,奉仕・貢献"
mbti_15,MBTI,-,ESFP,"表現・伝達,社交性・人脈,挑戦・困難,美的感覚・洗練,依存・付着"
mbti_16,MBTI,-,INTJ,"戦略・計画,分析・探求,先見・大局観,構造化・秩序,秘密・潜在"
hex_01,六十四卦,-,乾為天,"創造・革新,リーダーシップ,実行・達成,父性・厳格"
hex_02,六十四卦,-,坤為地,"共感・受容,育成・支援,持続・安定,調和・平和,母性・慈愛"
hex_03,六十四卦,-,水雷屯,"創造・革新,挑戦・困難,戦略・計画,困難・停滞"
hex_04,六十四卦,-,山水蒙,"知性・学習,育成・支援,困難・停滞"
hex_05,六十四卦,-,水天需,"内省・静観,持続・安定,戦略・計画"
hex_06,六十四卦,-,天水訟,"葛藤・矛盾,正義・改善,困難・停滞"
hex_07,六十四卦,-,地水師,"リーダーシップ,構造化・秩序,奉仕・貢献,権威・支配,追従・服従"
hex_08,六十四卦,-,水地比,"調和・平和,社交性・人脈,奉仕・貢献"
hex_09,六十四卦,-,風天小畜,"困難・停滞,持続・安定,受動・待機"
hex_10,六十四卦,-,天澤履,"挑戦・困難,構造化・秩序,慎重さ"
hex_11,六十四卦,-,地天泰,"調和・平和,成長・発展,共感・受容"
hex_12,六十四卦,-,天地否,"困難・停滞,内省・静観"
hex_13,六十四卦,-,天火同人,"社交性・人脈,リーダーシップ,奉仕・貢献"
hex_14,六十四卦,-,火天大有,"実行・達成,リーダーシップ,成長・発展,富・豊かさ"
hex_15,六十四卦,-,地山謙,"奉仕・貢献,調和・平和,内省・静観,分配・贈与"
hex_16,六十四卦,-,雷地豫,"調和・平和,表現・伝達,成長・発展"
hex_17,六十四卦,-,沢雷随,"追従・服従,調和・平和,変動・転換"
hex_18,六十四卦,-,山風蠱,"困難・停滞,正義・改善,自己変容・脱皮"
hex_19,六十四卦,-,地沢臨,"リーダーシップ,成長・発展,育成・支援,母性・慈愛"
hex_20,六十四卦,-,風地観,"内省・静観,先見・大局観,直感・感性"
hex_21,六十四卦,-,火雷噬嗑,"正義・改善,困難・停滞,権威・支配"
hex_22,六十四卦,-,山火賁,"美的感覚・洗練,表現・伝達,本質・真実"
hex_23,六十四卦,-,山地剝,"困難・停滞,自己変容・脱皮,本質・真実,損失・浪費"
hex_24,六十四卦,-,地雷復,"始動・萌芽,循環・継続,内省・静観"
hex_25,六十四卦,-,天雷无妄,"本質・真実,直感・感性,受動・待機"
hex_26,六十四卦,-,山天大畜,"持続・安定,育成・支援,富・豊かさ"
hex_27,六十四卦,-,山雷頤,"育成・支援,内省・静観,持続・安定"
hex_28,六十四卦,-,澤風大過,"困難・停滞,挑戦・困難,変動・転換,特殊・異端"
hex_29,六十四卦,-,坎為水,"困難・停滞,内省・静観,本質・真実,分析・探求"
hex_30,六十四卦,-,離為火,"知性・学習,表現・伝達,美的感覚・洗練,依存・付着"
hex_31,六十四卦,-,沢山咸,"共感・受容,感情・情熱,直感・感性,始動・萌芽"
hex_32,六十四卦,-,雷風恒,"循環・継続,持続・安定,調和・平和"
hex_33,六十四卦,-,天山遯,"内省・静観,戦略・計画,困難・停滞"
hex_34,六十四卦,-,雷天大壮,"実行・達成,権威・支配,挑戦・困難,富・豊かさ"
hex_35,六十四卦,-,火地晋,"成長・発展,表現・伝達,リーダーシップ,奉仕・貢献"
hex_36,六十四卦,-,地火明夷,"困難・停滞,内省・静観,秘密・潜在"
hex_37,六十四卦,-,風火家人,"家族・家庭,構造化・秩序,父性・厳格,母性・慈愛"
hex_38,六十四卦,-,火沢睽,"葛藤・矛盾,困難・停滞"
hex_39,六十四卦,-,水山蹇,"困難・停滞,内省・静観,戦略・計画"
hex_40,六十四卦,-,雷水解,"困難・停滞,実行・達成,正義・改善"
hex_41,六十四卦,-,山沢損,"損失・浪費,自己変容・脱皮,奉仕・貢献,分配・贈与"
hex_42,六十四卦,-,風雷益,"成長・発展,奉仕・貢献,知性・学習,富・豊かさ,分配・贈与"
hex_43,六十四卦,-,沢天夬,"リーダーシップ,実行・達成,変動・転換,権威・支配"
hex_44,六十四卦,-,天風姤,"変動・転換,直感・感性,秘密・潜在,葛藤・矛盾"
hex_45,六十四卦,-,沢地萃,"社交性・人脈,リーダーシップ,奉仕・貢献,追従・服従"
hex_46,六十四卦,-,地風升,"成長・発展,持続・安定,育成・支援"
hex_47,六十四卦,-,沢水困,"困難・停滞,内省・静観,本質・真実"
hex_48,六十四卦,-,水風井,"奉仕・貢献,持続・安定,本質・真実,循環・継続"
hex_49,六十四卦,-,沢火革,"変動・転換,創造・革新,リーダーシップ"
hex_50,六十四卦,-,火風鼎,"構造化・秩序,育成・支援,奉仕・貢献"
hex_51,六十四卦,-,震為雷,"変動・転換,挑戦・困難,実行・達成"
hex_52,六十四卦,-,艮為山,"内省・静観,困難・停滞,持続・安定,受動・待機"
hex_53,六十四卦,-,風山漸,"成長・発展,持続・安定,構造化・秩序,家族・家庭"
hex_54,六十四卦,-,雷沢帰妹,"困難・停滞,構造化・秩序,感情・情熱,家族・家庭"
hex_55,六十四卦,-,雷火豊,"完成・集大成,リーダーシップ,成長・発展"
hex_56,六十四卦,-,火山旅,"内省・静観,困難・停滞,葛藤・矛盾,放浪・自由,特殊・異端"
hex_57,六十四卦,-,巽為風,"内省・静観,表現・伝達,追従・服従"
hex_58,六十四卦,-,兑為沢,"調和・平和,表現・伝達,社交性・人脈"
hex_59,六十四卦,-,風水渙,"リーダーシップ,表現・伝達,困難・停滞"
hex_60,六十四卦,-,水沢節,"構造化・秩序,内省・静観,持続・安定"
hex_61,六十四卦,-,風沢中孚,"本質・真実,共感・受容,正義・改善"
hex_62,六十四卦,-,雷山小過,"内省・静観,構造化・秩序,損失・浪費,正義・改善"
hex_63,六十四卦,-,水火既済,"完成・集大成,構造化・秩序,困難・停滞"
hex_64,六十四卦,-,火水未済,"始動・萌芽,変動・転換,挑戦・困難"
line_01_1,六爻,hex_01,初九：潜龍勿用,"内省・静観,困難・停滞,秘密・潜在,受動・待機"
line_01_2,六爻,hex_01,九二：見龍在田,"成長・発展,育成・支援,奉仕・貢献,始動・萌芽"
line_01_3,六爻,hex_01,九三：終日乾乾,"実行・達成,挑戦・困難,内省・静観,持続・安定"
line_01_4,六爻,hex_01,九四：或躍在淵,"変動・転換,挑戦・困難,戦略・計画"
line_01_5,六爻,hex_01,九五：飛龍在天,"リーダーシップ,実行・達成,完成・集大成,富・豊かさ"
line_01_6,六爻,hex_01,上九：亢龍有悔,"損失・浪費,困難・停滞,葛藤・矛盾"
line_02_1,六爻,hex_02,初六：履霜堅氷至,"始動・萌芽,困難・停滞,先見・大局観"
line_02_2,六爻,hex_02,六二：直方大,"本質・真実,持続・安定,成長・発展,母性・慈愛"
line_02_3,六爻,hex_02,六三：含章可貞,"秘密・潜在,内省・静観,持続・安定"
line_02_4,六爻,hex_02,六四：括嚢无咎,"秘密・潜在,受動・待機,慎重さ"
line_02_5,六爻,hex_02,六五：黄裳元吉,"母性・慈愛,奉仕・貢献,富・豊かさ,調和・平和"
line_02_6,六爻,hex_02,上六：龍戦于野,"葛藤・矛盾,挑戦・困難,損失・浪費"
line_03_1,六爻,hex_03,初九：磐桓,"困難・停滞,戦略・計画,持続・安定"
line_03_2,六爻,hex_03,六二：屯如邅如,"困難・停滞,葛藤・矛盾,変動・転換"
line_03_3,六爻,hex_03,六三：即鹿无虞,"挑戦・困難,損失・浪費,戦略・計画"
line_03_4,六爻,hex_03,六四：乗馬班如,"奉仕・貢献,交渉・取引,葛藤・矛盾"
line_03_5,六爻,hex_03,九五：屯其膏,"富・豊かさ,分配・贈与,困難・停滞"
line_03_6,六爻,hex_03,上六：泣血漣如,"困難・停滞,損失・浪費,感情・情熱"
line_04_1,六爻,hex_04,初六：発蒙,"知性・学習,構造化・秩序,始動・萌芽"
line_04_2,六爻,hex_04,九二：包蒙,"育成・支援,母性・慈愛,共感・受容"
line_04_3,六爻,hex_04,六三：勿用取女,"葛藤・矛盾,損失・浪費,自己変容・脱皮"
line_04_4,六爻,hex_04,六四：困蒙,"困難・停滞,知性・学習,孤立"
line_04_5,六爻,hex_04,六五：童蒙,"追従・服従,知性・学習,本質・真実"
line_04_6,六爻,hex_04,上九：撃蒙,"権威・支配,正義・改善,父性・厳格"
line_05_1,六爻,hex_05,初九：需于郊,"受動・待機,持続・安定,内省・静観"
line_05_2,六爻,hex_05,九二：需于沙,"受動・待機,葛藤・矛盾,内省・静観"
line_05_3,六爻,hex_05,九三：需于泥,"受動・待機,困難・停滞,挑戦・困難"
line_05_4,六爻,hex_05,六四：需于血,"困難・停滞,自己変容・脱皮,挑戦・困難"
line_05_5,六爻,hex_05,九五：需于酒食,"富・豊かさ,調和・平和,完成・集大成"
line_05_6,六爻,hex_05,上六：入于穴,"困難・停滞,変動・転換,受動・待機"
line_06_1,六爻,hex_06,初六：不永所事,"葛藤・矛盾,内省・静観,戦略・計画"
line_06_2,六爻,hex_06,九二：不克訟,"困難・停滞,損失・浪費,受動・待機"
line_06_3,六爻,hex_06,六三：食旧徳,"持続・安定,受動・待機,富・豊かさ"
line_06_4,六爻,hex_06,九四：復即命,"自己変容・脱皮,戦略・計画,持続・安定"
line_06_5,六爻,hex_06,九五：訟元吉,"正義・改善,リーダーシップ,権威・支配"
line_06_6,六爻,hex_06,上九：或錫之鞶帯,"権威・支配,損失・浪費,変動・転換"
line_07_1,六爻,hex_07,初六：師出以律,"構造化・秩序,始動・萌芽,実行・達成"
line_07_2,六爻,hex_07,九二：在師中,"リーダーシップ,権威・支配,調和・平和"
line_07_3,六爻,hex_07,六三：師或輿尸,"損失・浪費,困難・停滞,リーダーシップ"
line_07_4,六爻,hex_07,六四：師左次,"戦略・計画,受動・待機,内省・静観"
line_07_5,六爻,hex_07,六五：田有禽,"正義・改善,権威・支配,実行・達成"
line_07_6,六爻,hex_07,上六：大君有命,"完成・集大成,分配・贈与,構造化・秩序"
line_08_1,六爻,hex_08,初六：有孚比之,"本質・真実,始動・萌芽,共感・受容"
line_08_2,六爻,hex_08,六二：比之自内,"内省・静観,本質・真実,追従・服従"
line_08_3,六爻,hex_08,六三：比之匪人,"葛藤・矛盾,損失・浪費,社交性・人脈"
line_08_4,六爻,hex_08,六四：外比之,"社交性・人脈,追従・服従,奉仕・貢献"
line_08_5,六爻,hex_08,九五：顕比,"リーダーシップ,分配・贈与,表現・伝達"
line_08_6,六爻,hex_08,上六：比之无首,"困難・停滞,始動・萌芽,葛藤・矛盾"
line_09_1,六爻,hex_09,初九：復自道,"自己変容・脱皮,正義・改善,内省・静観"
line_09_2,六爻,hex_09,九二：牽復,"追従・服従,困難・停滞,調和・平和"
line_09_3,六爻,hex_09,九三：輿説輻,"葛藤・矛盾,困難・停滞,家族・家庭"
line_09_4,六爻,hex_09,六四：有孚血去,"本質・真実,困難・停滞,自己変容・脱皮"
line_09_5,六爻,hex_09,九五：有孚攣如,"富・豊かさ,調和・平和,奉仕・貢献"
line_09_6,六爻,hex_09,上九：既雨既処,"完成・集大成,持続・安定,富・豊かさ"
line_10_1,六爻,hex_10,初九：素履往,"本質・真実,実行・達成,始動・萌芽"
line_10_2,六爻,hex_10,九二：履道坦坦,"内省・静観,持続・安定,調和・平和"
line_10_3,六爻,hex_10,六三：眇能視,"困難・停滞,挑戦・困難,権威・支配"
line_10_4,六爻,hex_10,九四：履虎尾,"挑戦・困難,戦略・計画,権威・支配"
line_10_5,六爻,hex_10,九五：夬履,"リーダーシップ,実行・達成,正義・改善"
line_10_6,六爻,hex_10,上九：視履考祥,"完成・集大成,内省・静観,先見・大局観"
line_11_1,六爻,hex_11,初九：拔茅茹,"始動・萌芽,成長・発展,社交性・人脈"
line_11_2,六爻,hex_11,九二：包荒,"共感・受容,母性・慈愛,リーダーシップ"
line_11_3,六爻,hex_11,九三：无平不陂,"変動・転換,持続・安定,挑戦・困難"
line_11_4,六爻,hex_11,六四：翩翩,"追従・服従,社交性・人脈,奉仕・貢献"
line_11_5,六爻,hex_11,六五：帝乙帰妹,"富・豊かさ,調和・平和,完成・集大成"
line_11_6,六爻,hex_11,上六：城復于隍,"損失・浪費,困難・停滞,変動・転換"
line_12_1,六爻,hex_12,初六：拔茅茹,"困難・停滞,追従・服従,社交性・人脈"
line_12_2,六爻,hex_12,六二：包承,"困難・停滞,奉仕・貢献,受動・待機"
line_12_3,六爻,hex_12,六三：包羞,"困難・停滞,秘密・潜在,内省・静観"
line_12_4,六爻,hex_12,九四：有命无咎,"実行・達成,リーダーシップ,始動・萌芽"
line_12_5,六爻,hex_12,九五：休否,"変動・転換,戦略・計画,リーダーシップ"
line_12_6,六爻,hex_12,上九：傾否,"完成・集大成,変動・転換,創造・革新"
line_13_1,六爻,hex_13,初九：同人于門,"始動・萌芽,社交性・人脈,調和・平和"
line_13_2,六爻,hex_13,六二：同人于宗,"特殊・異端,葛藤・矛盾,損失・浪費"
line_13_3,六爻,hex_13,九三：伏戎于莽,"秘密・潜在,戦略・計画,葛藤・矛盾"
line_13_4,六爻,hex_13,九四：乗其墉,"挑戦・困難,自己変容・脱皮,葛藤・矛盾"
line_13_5,六爻,hex_13,九五：同人先號,"葛藤・矛盾,完成・集大成,リーダーシップ"
line_13_6,六爻,hex_13,上九：同人于郊,"完成・集大成,調和・平和,内省・静観"
line_14_1,六爻,hex_14,初九：无交害,"内省・静観,困難・停滞,自己変容・脱皮"
line_14_2,六爻,hex_14,九二：大車以載,"富・豊かさ,実行・達成,戦略・計画"
line_14_3,六爻,hex_14,九三：公用亨于天子,"奉仕・貢献,権威・支配,分配・贈与"
line_14_4,六爻,hex_14,九四：匪其彭,"内省・静観,本質・真実,自己変容・脱皮"
line_14_5,六爻,hex_14,六五：厥孚交如,"共感・受容,調和・平和,本質・真実"
line_14_6,六爻,hex_14,上九：自天祐之,"富・豊かさ,完成・集大成,直感・感性"
line_15_1,六爻,hex_15,初六：謙謙君子,"内省・静観,本質・真実,始動・萌芽"
line_15_2,六爻,hex_15,六二：鳴謙,"表現・伝達,本質・真実,調和・平和"
line_15_3,六爻,hex_15,九三：労謙君子,"実行・達成,奉仕・貢献,持続・安定"
line_15_4,六爻,hex_15,六四：无不利捴謙,"分配・贈与,実行・達成,表現・伝達"
line_15_5,六爻,hex_15,六五：不富以其鄰,"分配・贈与,奉仕・貢献,調和・平和"
line_15_6,六爻,hex_15,上六：鳴謙利用行師,"リーダーシップ,正義・改善,権威・支配"
line_16_1,六爻,hex_16,初六：鳴豫,"損失・浪費,感情・情熱,表現・伝達"
line_16_2,六爻,hex_16,六二：介于石,"持続・安定,内省・静観,本質・真実"
line_16_3,六爻,hex_16,六三：盱豫,"受動・待機,損失・浪費,追従・服従"
line_16_4,六爻,hex_16,九四：由豫,"リーダーシップ,社交性・人脈,創造・革新"
line_16_5,六爻,hex_16,六五：貞疾,"困難・停滞,持続・安定,内省・静観"
line_16_6,六爻,hex_16,上六：冥豫,"自己変容・脱皮,変動・転換,損失・浪費"
line_17_1,六爻,hex_17,初九：官有渝,"変動・転換,リーダーシップ,正義・改善"
line_17_2,六爻,hex_17,六二：係小子,"損失・浪費,追従・服従,特殊・異端"
line_17_3,六爻,hex_17,六三：係丈夫,"自己変容・脱皮,追従・服従,本質・真実"
line_17_4,六爻,hex_17,九四：随有獲,"権威・支配,富・豊かさ,損失・浪費"
line_17_5,六爻,hex_17,九五：孚于嘉,"本質・真実,リーダーシップ,調和・平和"
line_17_6,六爻,hex_17,上六：拘係之,"完成・集大成,追従・服従,秘密・潜在"
line_18_1,六爻,hex_18,初六：幹父之蠱,"父性・厳格,正義・改善,始動・萌芽"
line_18_2,六爻,hex_18,九二：幹母之蠱,"母性・慈愛,正義・改善,内省・静観"
line_18_3,六爻,hex_18,九三：幹父之蠱,"父性・厳格,正義・改善,実行・達成"
line_18_4,六爻,hex_18,六四：裕父之蠱,"父性・厳格,困難・停滞,損失・浪費"
line_18_5,六爻,hex_18,六五：幹父之蠱,"父性・厳格,正義・改善,リーダーシップ"
line_18_6,六爻,hex_18,上九：不事王侯,"特殊・異端,奉仕・貢献,完成・集大成"
line_19_1,六爻,hex_19,初九：咸臨,"リーダーシップ,共感・受容,始動・萌芽"
line_19_2,六爻,hex_19,九二：咸臨,"リーダーシップ,共感・受容,実行・達成"
line_19_3,六爻,hex_19,六三：甘臨,"損失・浪費,感情・情熱,リーダーシップ"
line_19_4,六爻,hex_19,六四：至臨,"追従・服従,奉仕・貢献,実行・達成"
line_19_5,六爻,hex_19,六五：知臨,"知性・学習,リーダーシップ,権威・支配"
line_19_6,六爻,hex_19,上六：敦臨,"母性・慈愛,奉仕・貢献,完成・集大成"
line_20_1,六爻,hex_20,初六：童観,"内省・静観,知性・学習,未熟"
line_20_2,六爻,hex_20,六二：闚観,"内省・静観,秘密・潜在,特殊・異端"
line_20_3,六爻,hex_20,六三：観我生,"自己変容・脱皮,内省・静観,戦略・計画"
line_20_4,六爻,hex_20,六四：観国之光,"社交性・人脈,奉仕・貢献,権威・支配"
line_20_5,六爻,hex_20,九五：観我生,"リーダーシップ,内省・静観,自己変容・脱皮"
line_20_6,六爻,hex_20,上九：観其生,"内省・静観,先見・大局観,完成・集大成"
line_21_1,六爻,hex_21,初九：屨校滅趾,"正義・改善,始動・萌芽,困難・停滞"
line_21_2,六爻,hex_21,六二：噬膚滅鼻,"正義・改善,実行・達成,困難・停滞"
line_21_3,六爻,hex_21,六三：噬臘肉,"葛藤・矛盾,困難・停滞,挑戦・困難"
line_21_4,六爻,hex_21,九四：噬乾胏,"挑戦・困難,実行・達成,富・豊かさ"
line_21_5,六爻,hex_21,六五：噬乾肉,"正義・改善,戦略・計画,富・豊かさ"
line_21_6,六爻,hex_21,上九：荷校滅耳,"損失・浪費,困難・停滞,完成・集大成"
line_22_1,六爻,hex_22,初九：賁其趾,"美的感覚・洗練,本質・真実,始動・萌芽"
line_22_2,六爻,hex_22,六二：賁其須,"美的感覚・洗練,追従・服従,依存・付着"
line_22_3,六爻,hex_22,九三：賁如濡如,"美的感覚・洗練,富・豊かさ,持続・安定"
line_22_4,六爻,hex_22,六四：賁如皤如,"本質・真実,自己変容・脱皮,特殊・異端"
line_22_5,六爻,hex_22,六五：賁于丘園,"美的感覚・洗練,富・豊かさ,奉仕・貢献"
line_22_6,六爻,hex_22,上九：白賁,"本質・真実,完成・集大成,美的感覚・洗練"
line_23_1,六爻,hex_23,初六：剥牀以足,"損失・浪費,困難・停滞,始動・萌芽"
line_23_2,六爻,hex_23,六二：剥牀以辨,"損失・浪費,困難・停滞,変動・転換"
line_23_3,六爻,hex_23,六三：剥之无咎,"自己変容・脱皮,特殊・異端,追従・服従"
line_23_4,六爻,hex_23,六四：剥牀以膚,"損失・浪費,困難・停滞,危機"
line_23_5,六爻,hex_23,六五：貫魚,"構造化・秩序,追従・服従,母性・慈愛"
line_23_6,六爻,hex_23,上九：碩果不食,"富・豊かさ,創造・革新,秘密・潜在"
line_24_1,六爻,hex_24,初九：不遠復,"自己変容・脱皮,始動・萌芽,正義・改善"
line_24_2,六爻,hex_24,六二：休復,"自己変容・脱皮,追従・服従,調和・平和"
line_24_3,六爻,hex_24,六三：頻復,"変動・転換,葛藤・矛盾,挑戦・困難"
line_24_4,六爻,hex_24,六四：中行独復,"特殊・異端,自己変容・脱皮,本質・真実"
line_24_5,六爻,hex_24,六五：敦復,"自己変容・脱皮,内省・静観,本質・真実"
line_24_6,六爻,hex_24,上六：迷復,"損失・浪費,困難・停滞,葛藤・矛盾"
line_25_1,六爻,hex_25,初九：无妄往,"本質・真実,始動・萌芽,実行・達成"
line_25_2,六爻,hex_25,六二：不耕穫,"受動・待機,本質・真実,富・豊かさ"
line_25_3,六爻,hex_25,六三：无妄之災,"損失・浪費,困難・停滞,変動・転換"
line_25_4,六爻,hex_25,九四：可貞,"本質・真実,持続・安定,実行・達成"
line_25_5,六爻,hex_25,九五：无妄之疾,"困難・停滞,自己変容・脱皮,本質・真実"
line_25_6,六爻,hex_25,上九：无妄行,"困難・停滞,損失・浪費,実行・達成"
line_26_1,六爻,hex_26,初九：有厲利已,"困難・停滞,挑戦・困難,受動・待機"
line_26_2,六爻,hex_26,九二：輿説輻,"困難・停滞,葛藤・矛盾,受動・待機"
line_26_3,六爻,hex_26,九三：良馬逐,"実行・達成,挑戦・困難,戦略・計画"
line_26_4,六爻,hex_26,六四：童牛之牿,"始動・萌芽,構造化・秩序,父性・厳格"
line_26_5,六爻,hex_26,六五：豶豕之牙,"権威・支配,正義・改善,富・豊かさ"
line_26_6,六爻,hex_26,上九：何天之衢,"完成・集大成,実行・達成,リーダーシップ"
line_27_1,六爻,hex_27,初九：舎爾霊亀,"損失・浪費,特殊・異端,葛藤・矛盾"
line_27_2,六爻,hex_27,六二：顛頤,"損失・浪費,追従・服従,困難・停滞"
line_27_3,六爻,hex_27,六三：払頤,"損失・浪費,実行・達成,自己変容・脱皮"
line_27_4,六爻,hex_27,六四：虎視眈眈,"富・豊かさ,権威・支配,挑戦・困難"
line_27_5,六爻,hex_27,六五：払経,"リーダーシップ,奉仕・貢献,受動・待機"
line_27_6,六爻,hex_27,上九：由頤,"リーダーシップ,富・豊かさ,完成・集大成"
line_28_1,六爻,hex_28,初六：藉用白茅,"慎重さ,構造化・秩序,始動・萌芽"
line_28_2,六爻,hex_28,九二：枯楊生稊,"創造・革新,成長・発展,家族・家庭"
line_28_3,六爻,hex_28,九三：棟橈,"困難・停滞,損失・浪費,権威・支配"
line_28_4,六爻,hex_28,九四：棟隆,"リーダーシップ,構造化・秩序,富・豊かさ"
line_28_5,六爻,hex_28,九五：枯楊生華,"創造・革新,美的感覚・洗練,家族・家庭"
line_28_6,六爻,hex_28,上六：過渉滅頂,"損失・浪費,困難・停滞,挑戦・困難"
line_29_1,六爻,hex_29,初六：習坎入于,"困難・停滞,始動・萌芽,内省・静観"
line_29_2,六爻,hex_29,九二：坎有険,"挑戦・困難,知性・学習,自己変容・脱皮"
line_29_3,六爻,hex_29,六三：来之坎坎,"困難・停滞,受動・待機,葛藤・矛盾"
line_29_4,六爻,hex_29,六四：樽酒簋,"本質・真実,交渉・取引,調和・平和"
line_29_5,六爻,hex_29,九五：坎不盈,"成長・発展,実行・達成,自己変容・脱皮"
line_29_6,六爻,hex_29,上六：係用徽纆,"困難・停滞,損失・浪費,完成・集大成"
line_30_1,六爻,hex_30,初九：履校然,"始動・萌芽,内省・静観,構造化・秩序"
line_30_2,六爻,hex_30,六二：黄離,"中庸,調和・平和,美的感覚・洗練"
line_30_3,六爻,hex_30,九三：日昃之離,"変動・転換,感情・情熱,表現・伝達"
line_30_4,六爻,hex_30,九四：突如其来如,"変動・転換,創造・革新,損失・浪費"
line_30_5,六爻,hex_30,六五：出涕沱若,"自己変容・脱皮,リーダーシップ,感情・情熱"
line_30_6,六爻,hex_30,上九：王用出征,"権威・支配,正義・改善,実行・達成"
line_31_1,六爻,hex_31,初六：咸其拇,"始動・萌芽,感情・情熱,未熟"
line_31_2,六爻,hex_31,六二：咸其腓,"受動・待機,内省・静観,困難・停滞"
line_31_3,六爻,hex_31,九三：咸其股,"追従・服従,実行・達成,損失・浪費"
line_31_4,六爻,hex_31,九四：貞吉悔亡,"本質・真実,リーダーシップ,感情・情熱"
line_31_5,六爻,hex_31,九五：咸其脢,"内省・静観,リーダーシップ,自己変容・脱皮"
line_31_6,六爻,hex_31,上六：咸其輔頬舌,"表現・伝達,社交性・人脈,損失・浪費"
line_32_1,六爻,hex_32,初六：浚恒,"始動・萌芽,挑戦・困難,損失・浪費"
line_32_2,六爻,hex_32,九二：悔亡,"自己変容・脱皮,持続・安定,内省・静観"
line_32_3,六爻,hex_32,九三：不恒其徳,"葛藤・矛盾,損失・浪費,変動・転換"
line_32_4,六爻,hex_32,九四：田无禽,"戦略・計画,損失・浪費,自己変容・脱皮"
line_32_5,六爻,hex_32,六五：恒其徳,"持続・安定,本質・真実,追従・服従"
line_32_6,六爻,hex_32,上六：振恒,"変動・転換,実行・達成,困難・停滞"
line_33_1,六爻,hex_33,初六：遯尾,"困難・停滞,損失・浪費,変動・転換"
line_33_2,六爻,hex_33,六二：執之用黄牛之革,"持続・安定,追従・服従,秘密・潜在"
line_33_3,六爻,hex_33,九三：係遯,"葛藤・矛盾,困難・停滞,家族・家庭"
line_33_4,六爻,hex_33,九四：好遯,"自己変容・脱皮,実行・達成,リーダーシップ"
line_33_5,六爻,hex_33,九五：嘉遯,"美的感覚・洗練,調和・平和,内省・静観"
line_33_6,六爻,hex_33,上九：肥遯,"完成・集大成,放浪・自由,特殊・異端"
line_34_1,六爻,hex_34,初九：壮于趾,"始動・萌芽,挑戦・困難,損失・浪費"
line_34_2,六爻,hex_34,九二：貞吉,"持続・安定,正義・改善,内省・静観"
line_34_3,六爻,hex_34,九三：小人用壮,"権威・支配,損失・浪費,葛藤・矛盾"
line_34_4,六爻,hex_34,九四：藩決不羸,"実行・達成,自己変容・脱皮,成長・発展"
line_34_5,六爻,hex_34,六五：喪羊于易,"損失・浪費,困難・停滞,受動・待機"
line_34_6,六爻,hex_34,上六：羝羊触藩,"困難・停滞,葛藤・矛盾,完成・集大成"
line_35_1,六爻,hex_35,初六：晋如摧如,"困難・停滞,始動・萌芽,内省・静観"
line_35_2,六爻,hex_35,六二：晋如愁如,"困難・停滞,葛藤・矛盾,母性・慈愛"
line_35_3,六爻,hex_35,六三：衆允,"共感・受容,調和・平和,追従・服従"
line_35_4,六爻,hex_35,九四：晋如鼫鼠,"困難・停滞,秘密・潜在,損失・浪費"
line_35_5,六爻,hex_35,六五：失得勿恤,"リーダーシップ,富・豊かさ,奉仕・貢献"
line_35_6,六爻,hex_35,上九：維用伐邑,"権威・支配,正義・改善,実行・達成"
line_36_1,六爻,hex_36,初九：明夷于飛,"困難・停滞,戦略・計画,父性・厳格"
line_36_2,六爻,hex_36,六二：明夷夷于左股,"困難・停滞,受動・待機,戦略・計画"
line_36_3,六爻,hex_36,九三：明夷于南狩,"実行・達成,リーダーシップ,正義・改善"
line_36_4,六爻,hex_36,六四：入于左腹,"秘密・潜在,内省・静観,自己変容・脱皮"
line_36_5,六爻,hex_36,六五：箕子之明夷,"秘密・潜在,特殊・異端,持続・安定"
line_36_6,六爻,hex_36,上六：不明晦,"損失・浪費,完成・集大成,困難・停滞"
line_37_1,六爻,hex_37,初九：閑有家,"家族・家庭,構造化・秩序,始動・萌芽"
line_37_2,六爻,hex_37,六二：无攸遂,"家族・家庭,母性・慈愛,奉仕・貢献"
line_37_3,六爻,hex_37,九三：家人嗃嗃,"父性・厳格,葛藤・矛盾,感情・情熱"
line_37_4,六爻,hex_37,六四：富家,"家族・家庭,富・豊かさ,母性・慈愛"
line_37_5,六爻,hex_37,九五：王假有家,"リーダーシップ,父性・厳格,家族・家庭"
line_37_6,六爻,hex_37,上九：有孚威如,"権威・支配,父性・厳格,完成・集大成"
line_38_1,六爻,hex_38,初九：悔亡,"自己変容・脱皮,内省・静観,調和・平和"
line_38_2,六爻,hex_38,九二：遇主于巷,"交渉・取引,調和・平和,秘密・潜在"
line_38_3,六爻,hex_38,六三：見輿曳,"困難・停滞,損失・浪費,葛藤・矛盾"
line_38_4,六爻,hex_38,九四：睽孤,"孤立,特殊・異端,調和・平和"
line_38_5,六爻,hex_38,六五：厥宗噬膚,"自己変容・脱皮,調和・平和,奉仕・貢献"
line_38_6,六爻,hex_38,上九：睽孤,"孤立,特殊・異端,葛藤・矛盾"
line_39_1,六爻,hex_39,初六：往蹇来誉,"困難・停滞,内省・静観,成長・発展"
line_39_2,六爻,hex_39,六二：王臣蹇蹇,"困難・停滞,追従・服従,奉仕・貢献"
line_39_3,六爻,hex_39,九三：往蹇来反,"困難・停滞,家族・家庭,調和・平和"
line_39_4,六爻,hex_39,六四：往蹇来連,"困難・停滞,社交性・人脈,奉仕・貢献"
line_39_5,六爻,hex_39,九五：大蹇朋来,"困難・停滞,リーダーシップ,奉仕・貢献"
line_39_6,六爻,hex_39,上六：往蹇来碩,"困難・停滞,完成・集大成,リーダーシップ"
line_40_1,六爻,hex_40,初六：无咎,"始動・萌芽,自己変容・脱皮,調和・平和"
line_40_2,六爻,hex_40,九二：田獲三狐,"正義・改善,実行・達成,富・豊かさ"
line_40_3,六爻,hex_40,六三：負且乗,"損失・浪費,困難・停滞,葛藤・矛盾"
line_40_4,六爻,hex_40,九四：解而拇,"自己変容・脱皮,社交性・人脈,信頼"
line_40_5,六爻,hex_40,六五：君子維有解,"リーダーシップ,自己変容・脱皮,信頼"
line_40_6,六爻,hex_40,上六：公用射隼,"権威・支配,実行・達成,完成・集大成"
line_41_1,六爻,hex_41,初九：已事遄往,"奉仕・貢献,実行・達成,自己変容・脱皮"
line_41_2,六爻,hex_41,九二：利貞,"奉仕・貢献,持続・安定,正義・改善"
line_41_3,六爻,hex_41,六三：三人行,"葛藤・矛盾,社交性・人脈,自己変容・脱皮"
line_41_4,六爻,hex_41,六四：損其疾,"自己変容・脱皮,成長・発展,調和・平和"
line_41_5,六爻,hex_41,六五：或益之,"富・豊かさ,直感・感性,受動・待機"
line_41_6,六爻,hex_41,上九：弗損益之,"富・豊かさ,リーダーシップ,奉仕・貢献"
line_42_1,六爻,hex_42,初九：利用為大作,"始動・萌芽,実行・達成,成長・発展"
line_42_2,六爻,hex_42,六二：或益之,"富・豊かさ,直感・感性,受動・待機"
line_42_3,六爻,hex_42,六三：益之用凶事,"困難・停滞,奉仕・貢献,自己変容・脱皮"
line_42_4,六爻,hex_42,六四：中行,"リーダーシップ,奉仕・貢献,交渉・取引"
line_42_5,六爻,hex_42,九五：有孚恵心,"リーダーシップ,母性・慈愛,分配・贈与"
line_42_6,六爻,hex_42,上九：莫益之,"損失・浪費,権威・支配,葛藤・矛盾"
line_43_1,六爻,hex_43,初九：壮于前趾,"始動・萌芽,挑戦・困難,損失・浪費"
line_43_2,六爻,hex_43,九二：惕号,"内省・静観,戦略・計画,困難・停滞"
line_43_3,六爻,hex_43,九三：壮于頄,"実行・達成,孤立,葛藤・矛盾"
line_43_4,六爻,hex_43,九四：臀无膚,"困難・停滞,葛藤・矛盾,自己変容・脱皮"
line_43_5,六爻,hex_43,九五：莧陸夬夬,"リーダーシップ,実行・達成,自己変容・脱皮"
line_43_6,六爻,hex_43,上六：无号,"完成・集大成,損失・浪費,困難・停滞"
line_44_1,六爻,hex_44,初六：繋于金柅,"受動・待機,困難・停滞,構造化・秩序"
line_44_2,六爻,hex_44,九二：包有魚,"秘密・潜在,富・豊かさ,分配・贈与"
line_44_3,六爻,hex_44,九三：臀无膚,"困難・停滞,葛藤・矛盾,挑戦・困難"
line_44_4,六爻,hex_44,九四：包无魚,"損失・浪費,孤立,葛藤・矛盾"
line_44_5,六爻,hex_44,九五：以杞包瓜,"秘密・潜在,美的感覚・洗練,リーダーシップ"
line_44_6,六爻,hex_44,上九：姤其角,"孤立,特殊・異端,完成・集大成"
line_45_1,六爻,hex_45,初六：有孚不終,"始動・萌芽,葛藤・矛盾,社交性・人脈"
line_45_2,六爻,hex_45,六二：引吉,"追従・服従,直感・感性,奉仕・貢献"
line_45_3,六爻,hex_45,六三：萃如嗟如,"葛藤・矛盾,孤立,社交性・人脈"
line_45_4,六爻,hex_45,九四：大吉无咎,"リーダーシップ,権威・支配,実行・達成"
line_45_5,六爻,hex_45,九五：萃有位,"リーダーシップ,本質・真実,奉仕・貢献"
line_45_6,六爻,hex_45,上六：齎咨涕洟,"損失・浪費,感情・情熱,奉仕・貢献"
line_46_1,六爻,hex_46,初六：允升,"始動・萌芽,成長・発展,追従・服従"
line_46_2,六爻,hex_46,九二：孚乃利用,"本質・真実,奉仕・貢献,成長・発展"
line_46_3,六爻,hex_46,九三：升虚邑,"実行・達成,成長・発展,富・豊かさ"
line_46_4,六爻,hex_46,六四：王用亨于岐山,"リーダーシップ,奉仕・貢献,循環・継続"
line_46_5,六爻,hex_46,六五：貞吉升階,"持続・安定,成長・発展,リーダーシップ"
line_46_6,六爻,hex_46,上六：冥升,"困難・停滞,内省・静観,損失・浪費"
line_47_1,六爻,hex_47,初六：臀困于株木,"困難・停滞,内省・静観,秘密・潜在"
line_47_2,六爻,hex_47,九二：困于酒食,"困難・停滞,富・豊かさ,奉仕・貢献"
line_47_3,六爻,hex_47,六三：困于石,"困難・停滞,葛藤・矛盾,損失・浪費"
line_47_4,六爻,hex_47,九四：来徐徐,"困難・停滞,追従・服従,戦略・計画"
line_47_5,六爻,hex_47,九五：劓刖,"困難・停滞,権威・支配,自己変容・脱皮"
line_47_6,六爻,hex_47,上六：困于葛藟,"困難・停滞,自己変容・脱皮,変動・転換"
line_48_1,六爻,hex_48,初六：井泥不食,"損失・浪費,困難・停滞,本質・真実"
line_48_2,六爻,hex_48,九二：井谷射鮒,"損失・浪費,秘密・潜在,特殊・異端"
line_48_3,六爻,hex_48,九三：井渫不食,"秘密・潜在,損失・浪費,美的感覚・洗練"
line_48_4,六爻,hex_48,六四：井甃,"自己変容・脱皮,構造化・秩序,奉仕・貢献"
line_48_5,六爻,hex_48,九五：井洌,"本質・真実,富・豊かさ,リーダーシップ"
line_48_6,六爻,hex_48,上六：井收勿幕,"完成・集大成,富・豊かさ,分配・贈与"
line_49_1,六爻,hex_49,初九：鞏用黄牛之革,"持続・安定,構造化・秩序,受動・待機"
line_49_2,六爻,hex_49,六二：巳日乃革之,"変動・転換,実行・達成,正義・改善"
line_49_3,六爻,hex_49,九三：革言三就,"交渉・取引,戦略・計画,困難・停滞"
line_49_4,六爻,hex_49,九四：悔亡有孚,"リーダーシップ,自己変容・脱皮,信頼"
line_49_5,六爻,hex_49,九五：大人虎変,"リーダーシップ,創造・革新,美的感覚・洗練"
line_49_6,六爻,hex_49,上六：君子豹変,"自己変容・脱皮,美的感覚・洗練,調和・平和"
line_50_1,六爻,hex_50,初六：鼎顛趾,"自己変容・脱皮,正義・改善,始動・萌芽"
line_50_2,六爻,hex_50,九二：鼎有実,"富・豊かさ,本質・真実,内省・静観"
line_50_3,六爻,hex_50,九三：鼎耳革,"困難・停滞,変動・転換,損失・浪費"
line_50_4,六爻,hex_50,九四：鼎折足,"損失・浪費,困難・停滞,権威・支配"
line_50_5,六爻,hex_50,六五：鼎黄耳金鉉,"富・豊かさ,本質・真実,リーダーシップ"
line_50_6,六爻,hex_50,上九：鼎玉鉉,"完成・集大成,富・豊かさ,権威・支配"
line_51_1,六爻,hex_51,初九：震来虩虩,"始動・萌芽,変動・転換,内省・静観"
line_51_2,六爻,hex_51,六二：震来厲,"困難・停滞,損失・浪費,戦略・計画"
line_51_3,六爻,hex_51,六三：蘇蘇,"変動・転換,自己変容・脱皮,実行・達成"
line_51_4,六爻,hex_51,九四：震遂泥,"困難・停滞,損失・浪費,葛藤・矛盾"
line_51_5,六爻,hex_51,六五：震往来厲,"困難・停滞,実行・達成,挑戦・困難"
line_51_6,六爻,hex_51,上六：震索索,"困難・停滞,内省・静観,葛藤・矛盾"
line_52_1,六爻,hex_52,初六：艮其趾,"始動・萌芽,内省・静観,本質・真実"
line_52_2,六爻,hex_52,六二：艮其腓,"困難・停滞,追従・服従,葛藤・矛盾"
line_52_3,六爻,hex_52,九三：艮其限,"困難・停滞,権威・支配,危機"
line_52_4,六爻,hex_52,六四：艮其身,"内省・静観,自己変容・脱皮,調和・平和"
line_52_5,六爻,hex_52,六五：艮其輔,"表現・伝達,構造化・秩序,内省・静観"
line_52_6,六爻,hex_52,上九：敦艮,"完成・集大成,富・豊かさ,持続・安定"
line_53_1,六爻,hex_53,初六：鴻漸于干,"始動・萌芽,内省・静観,困難・停滞"
line_53_2,六爻,hex_53,六二：鴻漸于磐,"成長・発展,調和・平和,富・豊かさ"
line_53_3,六爻,hex_53,九三：鴻漸于陸,"挑戦・困難,損失・浪費,家族・家庭"
line_53_4,六爻,hex_53,六四：鴻漸于木,"自己変容・脱皮,戦略・計画,適応性"
line_53_5,六爻,hex_53,九五：鴻漸于陵,"完成・集大成,リーダーシップ,母性・慈愛"
line_53_6,六爻,hex_53,上九：鴻漸于逵,"完成・集大成,美的感覚・洗練,奉仕・貢献"
line_54_1,六爻,hex_54,初九：帰妹以娣,"追従・服従,困難・停滞,家族・家庭"
line_54_2,六爻,hex_54,九二：眇能視,"特殊・異端,秘密・潜在,持続・安定"
line_54_3,六爻,hex_54,六三：帰妹以須,"自己変容・脱皮,受動・待機,追従・服従"
line_54_4,六爻,hex_54,九四：帰妹愆期,"戦略・計画,受動・待機,持続・安定"
line_54_5,六爻,hex_54,六五：帝乙帰妹,"富・豊かさ,美的感覚・洗練,本質・真実"
line_54_6,六爻,hex_54,上六：女承筐无实,"損失・浪費,困難・停滞,奉仕・貢献"
line_55_1,六爻,hex_55,初九：遇其配主,"始動・萌芽,調和・平和,成長・発展"
line_55_2,六爻,hex_55,六二：豊其蔀,"秘密・潜在,葛藤・矛盾,内省・静観"
line_55_3,六爻,hex_55,九三：豊其沛,"損失・浪費,困難・停滞,実行・達成"
line_55_4,六爻,hex_55,九四：豊其蔀,"秘密・潜在,リーダーシップ,調和・平和"
line_55_5,六爻,hex_55,六五：来章,"リーダーシップ,美的感覚・洗練,富・豊かさ"
line_55_6,六爻,hex_55,上六：豊其屋,"孤立,損失・浪費,完成・集大成"
line_56_1,六爻,hex_56,初六：旅瑣瑣,"困難・停滞,損失・浪費,始動・萌芽"
line_56_2,六爻,hex_56,六二：旅卽次,"調和・平和,富・豊かさ,追従・服従"
line_56_3,六爻,hex_56,九三：旅焚其次,"損失・浪費,葛藤・矛盾,挑戦・困難"
line_56_4,六爻,hex_56,九四：旅于処,"戦略・計画,内省・静観,富・豊かさ"
line_56_5,六爻,hex_56,六五：射雉一矢亡,"奉仕・貢献,リーダーシップ,美的感覚・洗練"
line_56_6,六爻,hex_56,上九：鳥焚其巣,"損失・浪費,完成・集大成,困難・停滞"
line_57_1,六爻,hex_57,初六：進退,"葛藤・矛盾,戦略・計画,内省・静観"
line_57_2,六爻,hex_57,九二：巽在牀下,"秘密・潜在,追従・服従,分析・探求"
line_57_3,六爻,hex_57,九三：頻巽,"葛藤・矛盾,損失・浪費,内省・静観"
line_57_4,六爻,hex_57,六四：悔亡,"実行・達成,富・豊かさ,戦略・計画"
line_57_5,六爻,hex_57,九五：貞吉悔亡,"リーダーシップ,自己変容・脱皮,完成・集大成"
line_57_6,六爻,hex_57,上九：巽在牀下,"損失・浪費,困難・停滞,秘密・潜在"
line_58_1,六爻,hex_58,初九：和兌,"調和・平和,始動・萌芽,共感・受容"
line_58_2,六爻,hex_58,九二：孚兌,"本質・真実,信頼,調和・平和"
line_58_3,六爻,hex_58,六三：来兌,"損失・浪費,追従・服従,社交性・人脈"
line_58_4,六爻,hex_58,九四：商兌未寧,"交渉・取引,葛藤・矛盾,自己変容・脱皮"
line_58_5,六爻,hex_58,九五：孚于剥,"困難・停滞,信頼,リーダーシップ"
line_58_6,六爻,hex_58,上六：引兌,"リーダーシップ,表現・伝達,変動・転換"
line_59_1,六爻,hex_59,初六：用拯馬壮,"始動・萌芽,育成・支援,実行・達成"
line_59_2,六爻,hex_59,九二：渙奔其机,"自己変容・脱皮,挑戦・困難,内省・静観"
line_59_3,六爻,hex_59,六三：渙其躬,"自己変容・脱皮,奉仕・貢献,本質・真実"
line_59_4,六爻,hex_59,六四：渙其群,"リーダーシップ,創造・革新,奉仕・貢献"
line_59_5,六爻,hex_59,九五：渙汗其大号,"リーダーシップ,権威・支配,分配・贈与"
line_59_6,六爻,hex_59,上六：渙其血,"困難・停滞,自己変容・脱皮,完成・集大成"
line_60_1,六爻,hex_60,初九：不出戸庭,"受動・待機,内省・静観,始動・萌芽"
line_60_2,六爻,hex_60,九二：不出門庭,"受動・待機,困難・停滞,損失・浪費"
line_60_3,六爻,hex_60,六三：不節若,"損失・浪費,感情・情熱,葛藤・矛盾"
line_60_4,六爻,hex_60,六四：安節,"受動・待機,調和・平和,持続・安定"
line_60_5,六爻,hex_60,九五：甘節,"リーダーシップ,美的感覚・洗練,富・豊かさ"
line_60_6,六爻,hex_60,上六：苦節,"困難・停滞,父性・厳格,損失・浪費"
line_61_1,六爻,hex_61,初九：虞吉,"内省・静観,戦略・計画,調和・平和"
line_61_2,六爻,hex_61,九二：鳴鶴在陰,"秘密・潜在,本質・真実,調和・平和"
line_61_3,六爻,hex_61,六三：得敵,"葛藤・矛盾,変動・転換,困難・停滞"
line_61_4,六爻,hex_61,六四：月幾望,"追従・服従,構造化・秩序,自己変容・脱皮"
line_61_5,六爻,hex_61,九五：有孚攣如,"リーダーシップ,信頼,調和・平和"
line_61_6,六爻,hex_61,上六：翰音登于天,"表現・伝達,損失・浪費,完成・集大成"
line_62_1,六爻,hex_62,初六：飛鳥以凶,"始動・萌芽,損失・浪費,挑戦・困難"
line_62_2,六爻,hex_62,六二：弗過其祖,"追従・服従,構造化・秩序,調和・平和"
line_62_3,六爻,hex_62,九三：弗過防之,"困難・停滞,戦略・計画,内省・静観"
line_62_4,六爻,hex_62,九四：无咎弗過,"実行・達成,慎重さ,調和・平和"
line_62_5,六爻,hex_62,六五：密雲不雨,"秘密・潜在,困難・停滞,受動・待機"
line_62_6,六爻,hex_62,上六：弗遇過之,"損失・浪費,葛藤・矛盾,完成・集大成"
line_63_1,六爻,hex_63,初九：曳其輪,"始動・萌芽,困難・停滞,内省・静観"
line_63_2,六爻,hex_63,六二：婦喪其茀,"損失・浪費,秘密・潜在,受動・待機"
line_63_3,六爻,hex_63,九三：高宗伐鬼方,"実行・達成,挑戦・困難,権威・支配"
line_63_4,六爻,hex_63,六四：繻有衣袽,"困難・停滞,内省・静観,秘密・潜在"
line_63_5,六爻,hex_63,九五：東隣殺牛,"富・豊かさ,奉仕・貢献,本質・真実"
line_63_6,六爻,hex_63,上六：濡其首,"困難・停滞,損失・浪費,完成・集大成"
line_64_1,六爻,hex_64,初六：濡其尾,"始動・萌芽,困難・停滞,損失・浪費"
line_64_2,六爻,hex_64,九二：曳其輪,"持続・安定,内省・静観,戦略・計画"
line_64_3,六爻,hex_64,六三：未済征凶,"実行・達成,挑戦・困難,リーダーシップ"
line_64_4,六爻,hex_64,九四：貞吉悔亡,"実行・達成,リーダーシップ,富・豊かさ"
line_64_5,六爻,hex_64,六五：君子之光,"リーダーシップ,本質・真実,完成・集大成"
line_64_6,六爻,hex_64,上九：有孚于飲酒,"完成・集大成,富・豊かさ,損失・浪費"