爻名,通し番号,卦番号,爻,爻辞,現代解釈の要約,パターンの分類,点数,キーワード,親となる卦,キーワードタグ,S1_基本スコア,S2_ポテンシャル,S3_安定性スコア,S4_リスク,S5_主体性,S6_変動性スコア,S7_総合評価スコア,論理キーワードタグ
乾為天 初九,1,1,初九,潜龍勿用（せんりゅう もちいるなかれ）意味：龍はまだ淵に潜んでいる。軽々しく動くべきではない。,才能や力を秘めているが、まだ時機ではない。軽率な行動を避け、力を蓄え、学ぶべき準備期間。,停滞・中立パターン,0,"待機, 準備",乾為天,"ポテンシャル, 基礎固め, 学習, 待機, 時機尚早, 未熟, 準備, 潜龍",58,50,48,35,受動,52,50,"状況:潜伏期, 状況:黎明期, 力学:協力者なし, アクション:準備, アクション:現状維持"
乾為天 九二,2,1,九二,見龍在田、利見大人（けんりゅう でんにあり、たいじんにあうによろし）意味：龍が地上に現れた。優れた指導者に会うと良い。,才能が認められ始める段階。優れた師や協力者に出会い、教えを乞うことで、道が開ける。,勝ちパターン,1,"成長, 出会い",乾為天,"チャンス到来, 公の場, 出会い, 協力者, 師, 師事, 成長, 見龍, 認められる",75,65,56,35,能動,32,60,"状況:安定期, 状況:組織戦, 力学:協力者なし, アクション:専門家相談"
乾為天 九三,3,1,九三,君子終日乾乾、夕惕若、厲无咎（くんし しゅうじつけんけん、ゆうべにてきじゃくたり、あやうけれどもとがなし）意味：君子は一日中努力し、夜も警戒する。危ういが咎めはない。,重要な立場に進み、多忙を極める。常に努力と警戒を怠らなければ、危険な状況でも乗り越えられる。,停滞・中立パターン,0,"努力, 警戒",乾為天,"リスクあり, 内省, 努力, 危険, 君子, 問題なし, 多忙, 慎重, 警戒, 責任",50,40,32,70,能動,60,24,"状況:移行期, 力学:協力者なし, 心理:警戒"
乾為天 九四,4,1,九四,或躍在淵、无咎（あるいはおどってふちにあり、とがなし）意味：あるいは淵から躍り出ようとする。咎めはない。,天に昇るか、淵に留まるか、飛躍のチャンスを前にした決断の時。慎重に状況を見極めるべき段階。,停滞・中立パターン,0,"決断, 飛躍",乾為天,"タイミング, チャンス, 問題なし, 決断, 淵, 迷い, 飛躍",50,40,40,35,能動,68,42,"状況:変革期, 力学:協力者なし, 心理:慎重"
乾為天 九五,5,1,九五,飛龍在天、利見大人（ひりゅう てんにあり、たいじんにあうによろし）意味：龍が天を飛んでいる。優れた指導者に会うと良い。,才能が完全に開花し、最高の地位でその力を発揮している絶頂期。リーダーシップの極致。,大勝ちパターン,2,"成功, リーダー",乾為天,"リーダー, リーダーシップ, 公明正大, 出会い, 天命, 師事, 影響力, 成功, 絶頂期, 飛龍",100,70,64,35,能動,32,66,"状況:絶頂期, 力学:協力者なし, アクション:専門家相談"
乾為天 上九,6,1,上九,亢龍有悔こうりゅう くいあり）意味：天高く昇りつめた龍は、後悔することになる。,行き過ぎた力や地位。傲慢になり、下ることを知らないため、やがて孤立し、失敗や後悔を招く。,やや破滅パターン,-1,"慢心, 衰退",乾為天,"亢龍, 傲慢, 引き際, 後悔, 慢心, 行き過ぎ, 衰退, 頂点のリスク",25,50,24,65,能動,56,26,"状況:終極期, 状況:衰退期, 力学:協力者なし, 心理:内省"
乾為天 用九,7,1,用九,見群龍无首、吉（ぐんりゅうをみるに、くびなし、きち）意味：多くの龍が現れるが、頭を立てない。吉。,多くの有能な者が、特定のリーダーに依存せず、それぞれが自律的に協力し合う、理想的な組織の状態。,大勝ちパターン,2,"協力, 自律",乾為天,"協力, 吉, 自律",50,25,40,25,中立,40,40,
坤為地 初六,8,2,初六,履霜堅氷至 （りそうけんひょういたる） 意味：霜を踏む。堅い氷がやってくる。,小さな兆候から将来の大きな困難を予見し、備えるべき時期。問題の芽を見過ごすと、後に大きな災いとなるという警告。,やや破滅パターン,-1,"予兆, 警戒, 準備",坤為地,"予兆, 初霜, 始まりの注意, 慎重, 準備, 警戒",33,25,40,35,受動,52,36,"状況:困窮状態, 状況:黎明期, 力学:協力者なし"
坤為地 六二,9,2,六二,直方大、不習无不利 （ちょくほうだい、ならわずしてふりなきなし） 意味：素直で、まっすぐで、大きい。慣れなくても利益にならないことはない。,誠実、正直、公平という基本原則を貫く時。その普遍的な徳により、どんな状況でも自然と良い結果に繋がる、非常に安定した状態。,大勝ちパターン,2,"誠実, 公正, 安定",坤為地,"公正, 受容性, 大地の徳, 安定, 無私, 自然体, 誠実",100,50,64,35,受動,32,58,"状況:安定期, 力学:協力者なし"
坤為地 六三,10,2,六三,含章可貞、或従王事、无成有終 （しょうをふくみ、ていなるべし。あるいは王事に従い、なすことなくしておわりあり） 意味：才能を内に秘め、王の事業に従っても、手柄を立てなくても最終的には良い結果となる。,優れた能力をひけらかさず、縁の下の力持ちとして貢献する。個人の功績よりも組織全体の成功を優先する、控えめだが重要な役割。,停滞・中立パターン,0,"謙虚, 貢献, 補佐",坤為地,"内面の美徳, 才能を隠す, 時期を待つ, 補佐, 謙虚, 貢献",42,25,24,55,受動,48,20,"状況:移行期, 力学:協力者なし, 心理:正道堅持"
坤為地 六四,11,2,六四,括嚢、无咎无誉 （かつのう、むきゅうむよ） 意味：袋の口を縛る。咎められることも誉められることもない。,不安定な時期や複雑な状況で、安易な発言や行動を控え、戦略的に沈黙を守る。リスクを回避するための自己保全の時。,停滞・中立パターン,0,"静観, 自己防衛, 沈黙",坤為地,"口を閉ざす, 問題なし, 安全第一, 沈黙, 自己防衛, 隠遁, 静観",58,25,48,35,受動,56,40,"状況:変革期, 力学:協力者なし"
坤為地 六五,12,2,六五,黄裳元吉 （こうしょうげんきち） 意味：黄色い下衣（日常着）を着ている。大いに吉。,最高の地位にありながらも、派手さを好まず、質素で実直な態度を保つ。内面の充実と謙虚さが、最高の幸運を招く。,大勝ちパターン,2,"謙虚, 質実剛健, 徳",坤為地,"中庸の徳, 元吉, 吉, 徳, 最高の補佐役, 謙虚, 質実剛健, 黄裳",92,45,56,35,受動,32,52,"状況:絶頂期, 力学:協力者なし, 心理:謙虚"
坤為地 上六,13,2,上六,龍戦于野、其血玄黄 （りゅうせんうや、そのちげんこう） 意味：龍が野で戦う。その血は黒く黄色い。,陰の受容性が極まり、陽と対立して、収拾のつかない混乱と争いが生じる。双方ともに大きなダメージを受ける消耗戦。,破滅パターン,-2,"対立, 混乱, 共倒れ",坤為地,"両者敗北, 争い, 共倒れ, 対立, 混乱, 限界突破, 陰の極み, 龍戦",17,35,32,55,受動,56,28,"状況:終極期, 力学:協力者なし"
坤為地 用六,14,2,用六,利永貞 （りえいてい） 意味：永く正しくしているのが良い。,陰の徳の理想形。常に従順で、正しい道を地道に守り続けることで、長期的な利益と安定を得る。,勝ちパターン,1,"持続, 堅実, 忍耐",坤為地,"堅実, 忍耐, 持続",50,25,40,25,中立,40,40,
水雷屯 初九,15,3,初九,磐桓、利居貞、利建侯 （ばんかん、ていにおるによろし、こうをたつるによろし） 意味：岩が塞がり進めない。留まり、正しくして、協力者を立てるのが良い。,物事の始まりで、障害があり進めない。軽率に動かず、その場で正しく耐えながら、将来のための仲間や支援者を見つけるべき時。,停滞・中立パターン,0,"待機, 準備, 協力者",水雷屯,"協力者, 待機, 準備",58,65,48,45,受動,44,52,"状況:黎明期, 力学:下剋上リスク, 力学:協力者あり, 心理:正道堅持"
水雷屯 六二,16,3,六二,屯如、邅如、乗馬班如。…十年乃字 （ちゅんじょ、てんじょ、じょうばはんじょ。…じゅうねんにしてすなわちじす） 意味：悩み、ためらい、馬も進まない。…10年待ってようやく嫁ぐ。,困難が続き、進むも退くもできない状況。求婚者が現れてもすぐには応じず、長く正しさを守り抜けば、最終的には良い結果となる。,やや破滅パターン,-1,"停滞, 忍耐, 困難",水雷屯,"停滞, 困難, 忍耐",50,55,76,25,受動,20,70,"状況:困窮状態, 状況:安定期, 状況:産みの苦しみ, 力学:協力者あり"
水雷屯 六三,17,3,六三,即鹿无虞、惟入于林中。…不如舎、往吝 （しかにつくにしぐなし、ただりんちゅうにいる。…しくにはあらず、ゆけばりん） 意味：案内人なしに鹿を追えば、ただ林の中で迷うだけだ。諦めるのが良い。進めば恥をかく。,案内人（指導者）もなしに、ただ利益（鹿）だけを追って進むと、道に迷い、行き詰まる。無謀な前進はやめ、一旦立ち止まるべき時。,やや破滅パターン,-1,"無謀, 計画不足, 撤退",水雷屯,"撤退, 無謀, 計画不足",25,25,24,65,受動,60,16,"状況:移行期, 力学:協力者なし"
水雷屯 六四,18,3,六四,乗馬班如、求婚媾。往吉、无不利 （じょうばはんじょ、こんいんをもとむ。ゆけばきち、ふりなきなし） 意味：馬も進まないが、結婚を求める。進めば吉であり、悪いことは何もない。,困難な状況だが、身分の合った協力者を求め、共に進むなら、万事うまくいく。困難を打開するには、正しいパートナーシップが鍵となる。,勝ちパターン,1,"協力, パートナー, 打開",水雷屯,"パートナー, 協力, 吉, 打開",75,50,68,25,受動,36,64,"状況:困窮状態, 状況:変革期, 力学:協力者あり, 力学:順当な力関係"
水雷屯 九五,19,3,九五,屯其膏。小貞吉、大貞凶 （そのこうにとんす。しょうていきち、だいていきょう） 意味：恩恵を施すのに苦労する。小さなことなら正しくして吉だが、大きなことでは正しくしても凶。,高い地位にいるが、その恩恵を広く施すことができない。自分の周りの小さな範囲で物事を行うなら良いが、大きな事業を行おうとすると失敗する。,やや破滅パターン,-1,"器量不足, 限定的成功",水雷屯,"凶, 吉, 器量不足, 限定的成功",50,75,64,65,能動,24,56,"状況:産みの苦しみ, 状況:絶頂期, 力学:下剋上リスク, 力学:協力者あり, 心理:正道堅持"
水雷屯 上六,20,3,上六,乗馬班如、泣血漣如 （じょうばはんじょ、きゅうけつれんじょ） 意味：馬も進まず、血の涙を流す。,産みの苦しみが極まり、どうにもならない状況。助けもなく、ただ嘆き悲しむしかない。完全な行き詰まり。,破滅パターン,-2,"絶望, 行き詰まり",水雷屯,"絶望, 行き詰まり",17,25,32,55,受動,56,24,"状況:終極期, 力学:協力者なし"
山水蒙 初六,21,4,初六,発蒙。利用刑人。用脱桎梏。以往吝。 （はつもう。けいじんをもちうるによろし。しっこくをときもちう。もってゆけばりん。） 意味：蒙昧を開く。刑罰で正し、足枷を外すのが良い。そのまま進むと恥。,学びの始まり。時には厳しく規律を持って指導し、悪癖（桎梏）を断ち切らせる必要がある。しかし、厳しさだけに頼ると、後で問題が生じる。,停滞・中立パターン,0,"教育, 規律, 始まり",山水蒙,"始まり, 教育, 規律",50,35,48,45,受動,44,40,"状況:黎明期, 力学:協力者なし, 力学:順当な力関係"
山水蒙 九二,22,4,九二,包蒙。吉。納婦吉。子克家。 （ほうもう。きち。ふをいれるきち。こよくいえをおさむ。） 意味：蒙昧な者を包容する。吉。妻を迎えれば吉。子が家を治められる。,未熟な者を寛大な心で包み込み、忍耐強く指導する理想的な教育者の姿。その結果、教えを受けた者は大いに成長し、組織や家庭は安泰となる。,大勝ちパターン,2,"師, 包容力, 育成",山水蒙,"包容力, 吉, 師, 育成",92,70,56,45,能動,36,58,"状況:安定期, 力学:下剋上リスク, 力学:協力者あり, 心理:忍耐"
山水蒙 六三,23,4,六三,勿用取女。見金夫。不有躬。无攸利。 （じょをとるをもちうるなかれ。きんぷをみる。みをたもたず。りするところなし。） 意味：その女を妻にしてはならない。金持ちの男を見ると自分を見失う。何の利益もない。,学びの途中で、楽な道や表面的な魅力（金夫）に惹かれ、本来の目的を見失う危険性。不適切な師や情報源に安易に追随すれば、何も得られない。,やや破滅パターン,-1,"誘惑, 虚飾, 選択ミス",山水蒙,"虚飾, 誘惑, 選択ミス",25,50,36,45,受動,36,40,"状況:移行期, 状況:組織戦, 力学:協力者あり, アクション:現状維持"
山水蒙 六四,24,4,六四,困蒙。吝。 （こんもう。りん。） 意味：蒙昧な状態に閉じこもる。恥ずかしいことだ。,未熟であるにもかかわらず、学ぶことを放棄し、自分の殻に閉じこもっている状態。助言を拒み、孤立することで、成長の機会を完全に失う。,やや破滅パターン,-1,"停滞, 孤立, 無知",山水蒙,"停滞, 孤立, 無知",42,25,48,45,受動,56,36,"状況:困窮状態, 状況:変革期, 力学:協力者なし"
山水蒙 六五,25,4,六五,童蒙。吉。 （どうもう。きち。） 意味：素直な子ども（のように学ぶ）。吉。,純粋で素直な心で、謙虚に教えを受け入れる理想的な学習者の姿。この「知を求める素直さ」そのものが、大きな幸運を呼び込む。,勝ちパターン,1,"素直さ, 謙虚, 学び",山水蒙,"吉, 学び, 素直さ, 謙虚",75,60,76,25,受動,12,72,"状況:絶頂期, 力学:協力者あり, 力学:順当な力関係, 心理:謙虚"
山水蒙 上九,26,4,上九,撃蒙。不利為寇。利禦寇。 （げきもう。こうとなるにふり。こうをふせぐによろし。） 意味：蒙昧な者を撃つ。賊となるのは良くない。賊を防ぐのが良い。,長く蒙昧な状態が続く場合、厳しい態度で強制的に覚醒させる必要がある。ただし、それは相手を破壊するためではなく、蒙昧さがもたらす害を防ぐための、最終手段であるべき。,停滞・中立パターン,0,"最終手段, 覚醒, 規律",山水蒙,"最終手段, 規律, 覚醒",42,65,36,55,能動,56,42,"状況:終極期, 力学:協力者あり"
水天需 初九,27,5,初九,需于郊。利用恒。无咎。 （じゅうこうにあり。つねをもちうるによろし。とがなし。） 意味：郊外で待つ。常に変わらぬ心でいるのが良い。咎めはない。,危険から遠い安全な場所で、焦らずじっくりと準備を整える段階。冷静に状況を観察し、自己の信念を保てば、問題なく過ごせる。,停滞・中立パターン,0,"待機, 準備, 慎重",水天需,"問題なし, 待機, 慎重, 準備",58,65,60,25,受動,40,66,"状況:黎明期, 力学:協力者あり, アクション:準備"
水天需 九二,28,5,九二,需于沙。小有言。終吉。 （じゅうさにあリ。すこしげんあり。おわりにきち。） 意味：砂地で待つ。少し言葉があるが、最終的には吉。,危険に少し近づき、小さな問題や批判（小有言）が生じる時期。しかし、それに惑わされず、着実に準備を進めれば、良い結果に繋がる。,勝ちパターン,1,"忍耐, 雑音, 漸進",水天需,"吉, 忍耐, 漸進, 雑音",75,55,56,35,受動,32,56,"状況:安定期, 力学:協力者なし, アクション:準備"
水天需 九三,29,5,九三,需于泥。致寇至。 （じゅうでいにあり。こうをいたすにいたる。） 意味：泥沼で待つ。賊を引き寄せる。,危険な状況に深入りし、身動きが取れない泥沼の状態。準備不足や判断ミスが、外部からの攻撃やさらなるトラブルを引き寄せる。,破滅パターン,-2,"危機, 泥沼, 危険",水天需,"危機, 危険, 泥沼",17,55,32,75,受動,76,28,"状況:移行期, 力学:下剋上リスク, 力学:協力者あり, アクション:準備"
水天需 六四,30,5,六四,需于血。出自穴。 （じゅうけつにあり。あなよりいず。） 意味：血の中で待つ。穴から脱出する。,生死を分けるような極限の危機的状況。大きな犠牲や痛みを伴うが、それを乗り越え、危機から脱出することができる。,勝ちパターン,1,"危機脱出, 犠牲, 転換点",水天需,"危機脱出, 犠牲, 転換点",75,40,68,25,受動,48,60,"状況:変革期, 力学:協力者あり, 力学:順当な力関係"
水天需 九五,31,5,九五,需于酒食。貞吉。 （じゅうしゅしょくにあり。ていきち。） 意味：酒や食事を楽しみながら待つ。正しくしていれば吉。,長い待機期間が終わり、状況が安定する。本格的な行動の前に、休息を取り、英気を養う時期。油断せず正しい姿勢を保てば安泰。,大勝ちパターン,2,"安定, 休息, 祝賀",水天需,"休息, 吉, 安定, 祝賀",100,60,52,55,受動,36,48,"状況:絶頂期, 力学:下剋上リスク, 力学:協力者なし, 心理:正道堅持"
水天需 上六,32,5,上六,入于穴。有不速之客三人至。敬之終吉。 （あなにいる。はやからざるのきゃくさんにんいたるあり。これをけいすとおわりにきち。） 意味：穴に入る（危機を脱する）。招かれざる客が三人来る。敬って接すれば最終的に吉。,危機から完全に脱し、目標を達成した段階。しかし、予期せぬ新たな課題や協力者が現れる。謙虚な姿勢で対応すれば、更なる成功に繋がる。,勝ちパターン,1,"完了, 新展開, 敬意",水天需,"吉, 完了, 敬意, 新展開",67,40,44,45,受動,44,40,"状況:終極期, 力学:協力者あり, 心理:謙虚"
天水訟 初六,33,6,初六,不永所事。小有言。終吉。 （しょじをながくせず。すこしげんあり。おわりにきち。） 意味：争いを長引かせない。少し口論はあるが、最終的には吉。,争いの初期段階。問題を長引かせず、早期に解決することが重要。小さな摩擦はあっても、迅速な対話で対処すれば、良い結果に繋がる。,勝ちパターン,1,"早期解決, 対話, 口論",天水訟,"口論, 吉, 対話, 早期解決",67,40,60,25,受動,32,56,"状況:黎明期, 力学:協力者あり, 力学:順当な力関係"
天水訟 九二,34,6,九二,不克訟。帰而逋其邑人三百戸。无眚。 （しょうにかつことあたわず。かえりてそのゆうじんさんびゃっこににぐ。わざわいなし。） 意味：争いに勝てない。郷里に帰り、三百戸の民と難を避ける。災いはない。,自分に不利な争いからは、潔く身を引くべき時。目先の勝敗より、大切な共同体を守ることを優先する、賢明な撤退。,停滞・中立パターン,0,"撤退, 守り, 損失回避",天水訟,"守り, 損失回避, 撤退",58,55,44,55,能動,48,42,"状況:安定期, 状況:対立構造, 力学:下剋上リスク, 力学:協力者なし"
天水訟 六三,35,6,六三,食旧徳。貞厲。終吉。 （きゅうとくをくらう。ていあやうし。おわりにきち。） 意味：昔の徳で食いつなぐ。正しくしていれば危ういが、最終的には吉。,現在の困難を、過去の実績や信頼（旧徳）でなんとか乗り切っている状態。現状維持で精一杯だが、正しく耐え忍べば、破綻は免れる。,停滞・中立パターン,0,"過去の実績, 現状維持, 忍耐",天水訟,"リスクあり, 吉, 忍耐, 現状維持, 過去の実績",42,40,44,60,受動,28,34,"状況:困窮状態, 状況:移行期, 力学:協力者あり, 力学:順当な力関係, 心理:正道堅持"
天水訟 九四,36,6,九四,不克訟。復即命。渝安貞。吉。 （しょうにかつことあたわず。めいにふくしてかえる。やすんじてかわるはていにきち。） 意味：争いに勝てない。天命に従って引き返す。心を変え、安んじて正しくしていれば吉。,争いの不利を悟り、自ら積極的に譲歩する決断。プライドに固執せず、方針を柔軟に転換することで、状況が好転し、安定を取り戻せる。,勝ちパターン,1,"方針転換, 譲歩, 柔軟性",天水訟,"吉, 方針転換, 柔軟性, 譲歩",67,55,52,25,能動,32,58,"状況:変革期, 状況:対立構造, 力学:協力者あり, 心理:正道堅持"
天水訟 九五,37,6,九五,訟元吉。 （しょうげんきち。） 意味：争いの結果、大いに吉。,争いが、正義に基づいた公平な判断によって解決される。自身の正当性が認められ、信頼を確立できる、最高の解決。,大勝ちパターン,2,"公正な裁き, 勝利, 正義",天水訟,"公正な裁き, 勝利, 吉, 正義",100,60,64,35,能動,32,62,"状況:対立構造, 状況:絶頂期, 力学:協力者なし"
天水訟 上九,38,6,上九,或錫之鞶帯。終朝三褫之。 （あるいはこれにはんたいをたまう。しゅうちょうこれをみたびうばう。） 意味：あるいは（争いに勝って）高位の帯を賜るが、一日のうちに三度もそれを剥奪される。,行き過ぎた争いや、不当な手段で勝利した者の末路。一時的に名誉を得ても、すぐに失い、社会的な信用を完全に失う、最悪の結末。,破滅パターン,-2,"虚飾の勝利, 権威失墜, 破滅",天水訟,"権威失墜, 破滅, 虚飾の勝利",8,55,36,45,能動,44,42,"状況:終極期, 力学:協力者あり"
地水師 初六,39,7,初六,師出以律。否臧凶。 （しをいずすにりつをもってす。しからずんばぞうにしてきょう。） 意味：軍隊は規律をもって出陣する。そうでなければ凶。,組織やプロジェクトの始動には、明確なルールと規律が不可欠。規律が曖昧なら、どんなに良い目的でも必ず失敗する、という根本原則。,停滞・中立パターン,0,"規律, 秩序, 準備",地水師,"凶, 準備, 秩序, 規律",50,25,48,55,受動,56,32,"状況:停滞期, 状況:組織戦, 状況:黎明期, 力学:協力者なし, 力学:順当な力関係"
地水師 九二,40,7,九二,在師中。吉。无咎。王三錫命。 （しにあってちゅうす。きち。とがなし。おうみたびめいをたまう。） 意味：軍隊の中央にいる。吉。咎めなし。王は三度も命を賜る。,組織の中核を担う、実力と人望を兼ね備えた理想的な現場リーダー。トップからの信頼も厚く、大きな権限を委ねられ、組織を勝利に導く。,大勝ちパターン,2,"リーダーシップ, 信頼, 中核",地水師,"リーダーシップ, 中核, 信頼, 吉, 問題なし",92,70,56,45,能動,36,58,"状況:安定期, 状況:組織戦, 力学:下剋上リスク, 力学:協力者あり"
地水師 六三,41,7,六三,師或載尸。凶。 （しあるいはしかばねをのす。きょう。） 意味：軍隊が死体を運ぶ。凶。,組織内に無能な人物や、やる気のない者（尸＝しかばね）が重要な地位にいる。組織が腐敗し、機能不全に陥っている、極めて危険な状態。,破滅パターン,-2,"無能, 腐敗, 混乱",地水師,"凶, 混乱, 無能, 腐敗",8,25,24,75,受動,60,12,"状況:移行期, 状況:組織戦, 力学:協力者なし"
地水師 六四,42,7,六四,師左次。无咎。 （しさていす。とがなし。） 意味：軍隊は左側に退く。咎めはない。,状況が不利な場合、無理に戦わずに一時的に撤退し、態勢を立て直す賢明な判断。これは敗北ではなく、損失を避けるための戦略的行動。,停滞・中立パターン,0,"撤退, 再編, 守り",地水師,"再編, 問題なし, 守り, 撤退",58,25,48,35,受動,56,40,"状況:変革期, 状況:組織戦, 力学:協力者なし"
地水師 六五,43,7,六五,田有禽。利執言。…長子帥師。弟子輿尸。貞凶。 （でんにきんあり。げんをとるによろし。…ちょうししをひきう。ていししかばねをのす。ていきょう。） 意味：田に獲物がいる。…長男が軍を率いるべきで、末っ子が率いれば死体を運ぶ。正しくても凶。,解決すべき課題（禽）は明確だが、リーダーの人選が極めて重要。有能な者（長子）を任命すれば成功するが、不適任な者（弟子）に任せれば必ず失敗する。,やや破滅パターン,-1,"人材配置, 適材適所, 判断ミス",地水師,"人材配置, 凶, 判断ミス, 適材適所",42,70,68,45,受動,8,64,"状況:組織戦, 状況:絶頂期, 力学:協力者あり, 心理:正道堅持"
地水師 上六,44,7,上六,大君有命。開国承家。小人勿用。 （たいくんめいあり。くにをひらきいえをうく。しょうじんもちうるなかれ。） 意味：最高の君主が命を下す。国を開き家を継がせる。小人を用いてはならない。,戦いが終わり、目標を達成した後の論功行賞。功績のあった者に正当な報酬を与え、新しい秩序を築く。ただし、不正な者（小人）を登用すれば、再び乱れる。,大勝ちパターン,2,"勝利, 論功行賞, 新秩序",地水師,"勝利, 新秩序, 論功行賞",83,25,32,55,受動,44,24,"状況:終極期, 力学:協力者なし, アクション:現状維持"
水地比 初六,45,8,初六,有孚比之。无咎。有孚盈缶。終来有他。吉。 （ゆうふこれにひす。とがなし。ゆうふかんをみたす。おわりにきたりてたあり。きち。） 意味：真心をもって親しむ。咎めなし。真心が甕に満ちれば、やがて他者も来る。吉。,関係構築の始まり。まず自分から真心を示すことで、信頼の土台を築く。その誠実さが、やがて多くの協力者を引き寄せる、良いスタート。,勝ちパターン,1,"真心, 信頼, 始まり",水地比,"信頼, 吉, 問題なし, 始まり, 真心",67,25,40,35,受動,52,36,"状況:黎明期, 力学:協力者なし"
水地比 六二,46,8,六二,比之自内。貞吉。 （これにひするうちよりす。ていきち。） 意味：内側から親しむ。正しくしていれば吉。,組織やチームの内部において、心からの揺るぎない結束が形成されている理想的な状態。共通の価値観に基づいた、本質的な協力関係。,大勝ちパターン,2,"結束, 本質, 信頼関係",水地比,"信頼関係, 吉, 本質, 結束",100,55,76,25,受動,8,70,"状況:安定期, 力学:協力者あり, 心理:正道堅持"
水地比 六三,47,8,六三,比之匪人。 （これにひするひとにあらず。） 意味：正しくない者と親しむ。（凶）,不正な目的を持つ者や、信頼できない人物と安易に協力関係を結ぶこと。誤ったパートナーシップが、大きな問題や損失を招く。,破滅パターン,-2,"悪縁, 判断ミス, 危険",水地比,"凶, 判断ミス, 危険, 悪縁",8,25,24,75,受動,60,12,"状況:移行期, 力学:協力者なし"
水地比 六四,48,8,六四,外比于賢。貞吉。 （そとにけんをひす。ていきち。） 意味：外部の賢者と親しむ。正しくしていれば吉。,組織の枠を超え、外部の専門家や優れた組織と協力関係を築く。外部の知恵を積極的に取り入れることで、自らの成長に繋がる。,勝ちパターン,1,"外部連携, 協力, 専門家",水地比,"協力, 吉, 外部連携, 専門家",75,25,56,35,受動,36,44,"状況:変革期, 力学:協力者なし, 力学:順当な力関係, 心理:正道堅持"
水地比 九五,49,8,九五,顕比。王用三駆。…吉。 （ひをあらわす。おうもってさんくをもちう。…きち。） 意味：親しみを公にする。王は三方から狩りをする。…吉。（※解釈テキストでは「比之王」）,組織のトップが、周囲からの厚い信頼を得て、強いリーダーシップを発揮している状態。明確な目標の下、全員が協力し、咎められることがない。,大勝ちパターン,2,"リーダーシップ, 求心力, 目標達成",水地比,"リーダーシップ, 吉, 求心力, 目標達成",100,75,64,45,能動,36,64,"状況:絶頂期, 力学:下剋上リスク, 力学:協力者あり"
水地比 上六,50,8,上六,比之无首。凶。 （これにひするにくびなし。きょう。） 意味：先頭のない親密さ。凶。,誰がリーダーか、何が目標か不明確なまま、ただ馴れ合いで集まっている状態。統制が取れず、無秩序な集団は、やがて混乱し、崩壊する。,破滅パターン,-2,"無秩序, 混乱, 目的喪失",水地比,"凶, 混乱, 無秩序, 目的喪失",17,25,32,75,受動,56,16,"状況:終極期, 力学:協力者なし"
風天小畜 初九,51,9,初九,復自道。何其咎。吉。 （みちよりかえる。なんぞそのとがあらん。きち。） 意味：（正しい）道へ引き返す。何の咎めがあろうか。吉。,計画の初期段階で、誤りに気づき、速やかに正しい道へと軌道修正する。その勇気ある決断は、後の問題を未然に防ぐ、素晴らしい一手。,勝ちパターン,1,"軌道修正, 早期発見, 原点回帰",風天小畜,"原点回帰, 吉, 早期発見, 軌道修正",75,55,60,25,能動,40,62,"状況:黎明期, 力学:協力者あり"
風天小畜 九二,52,9,九二,牽復。吉。 （ひかれてかえる。きち。） 意味：（正しい道へ）引き戻される。吉。,離反しそうな仲間や、誤った方向に進むパートナーを、説得して引き戻す。あるいは、自分が他者の助言を受け入れ、正しい道に戻る。,勝ちパターン,1,"協力者, 説得, 関係修復",風天小畜,"協力者, 吉, 説得, 関係修復",75,55,56,35,能動,32,56,"状況:安定期, 力学:協力者なし"
風天小畜 九三,53,9,九三,輿脱輻。夫妻反目。 （よだつふく。ふうさいはんもくす。） 意味：車輪の輻（や）が外れる。夫婦が仲違いする。,組織やチーム内部に深刻な不和が生じ、協力体制が崩壊する。連携が完全に機能不全に陥り、プロジェクトが停滞する、最悪の状況。,破滅パターン,-2,"内部分裂, 不和, 機能不全",風天小畜,"不和, 内部分裂, 機能不全",17,40,20,75,能動,76,16,"状況:移行期, 力学:下剋上リスク, 力学:協力者なし"
風天小畜 六四,54,9,六四,有孚。血去惕出。无咎。 （まことあり。ちさりおそれいず。とがなし。） 意味：真心がある。血が去り、恐れがなくなる。咎めはない。,困難な状況でも、私心を捨て、真心と誠実さで問題に立ち向かう。その結果、危機（血）を乗り越え、不安（惕）が解消される。,勝ちパターン,1,"誠実, 危機克服, 信頼",風天小畜,"信頼, 危機克服, 問題なし, 誠実",75,40,68,25,受動,48,60,"状況:困窮状態, 状況:変革期, 力学:協力者あり, 力学:順当な力関係"
風天小畜 九五,55,9,九五,有孚攣如。富以其鄰。 （まことありれんじょ。そのとなりをもってとむ。） 意味：真心があり、連なり固く結びつく。隣人とともに富む。,困難を乗り越え、組織やチーム内に、揺るぎない信頼と結束が形成されている。自分たちだけでなく、周囲の協力者と共に繁栄する共存共栄の理想形。,大勝ちパターン,2,"結束, 共存共栄, パートナーシップ",風天小畜,"パートナーシップ, 共存共栄, 結束",100,60,64,35,能動,32,62,"状況:困窮状態, 状況:絶頂期, 力学:協力者なし"
風天小畜 上九,56,9,上九,既雨既處。…君子征凶。 （すでにあめふりすでにおる。…くんしゆけばきょう。） 意味：すでに雨が降り、止んでいる。…君子が進むと凶。,長い準備期間が終わり、目標が達成された状態。しかし、物事はピークに達しており、これ以上無理に進もうとすると、かえって失敗を招く。,やや破滅パターン,-1,"完了, 頂点, 油断, 引き際",風天小畜,"凶, 完了, 引き際, 油断, 頂点",25,40,24,75,能動,68,18,"状況:終極期, 力学:協力者なし, アクション:準備"
天澤履 初九,57,10,初九,素履。往无咎。 （そり。ゆけばとがなし。） 意味：質素な履き物で踏み行く。進んで咎めなし。,新しい環境に入る際、見栄を張らず、基本に忠実で誠実な態度で臨む。その謙虚な姿勢で進めば、問題なく事を始められる。,勝ちパターン,1,"謙虚, 誠実, 基礎",天澤履,"問題なし, 基礎, 誠実, 謙虚",75,40,48,35,能動,52,46,"状況:黎明期, 力学:協力者なし, 心理:謙虚"
天澤履 九二,58,10,九二,履道坦坦。幽人貞吉。 （みちをふむことたんたん。ゆうじんていきち。） 意味：平坦な道を踏み行く。隠者のように正しくしていれば吉。,争いや競争から離れ、穏やかで平坦な道を、正しく着実に歩んでいる状態。華やかさはないが、心穏やかで、非常に安定した幸運。,大勝ちパターン,2,"平穏, 安定, 正道",天澤履,"吉, 安定, 平穏, 正道",92,55,44,55,能動,36,42,"状況:安定期, 力学:下剋上リスク, 力学:協力者なし, 心理:正道堅持"
天澤履 六三,59,10,六三,眇能視。跛能履。履虎尾。咥人。凶。 （びょうよくみ。はよくふむ。とらのおをふむ。ひとをかむ。きょう。） 意味：片目が見え、足が不自由なのに、虎の尾を踏む。人に噛まれる。凶。,自身の能力不足を顧みず、過信して無謀な行動に出る。危険を軽視した結果、取り返しのつかない失敗や損害を被る、最悪の状況。,破滅パターン,-2,"過信, 無謀, 破滅",天澤履,"凶, 無謀, 破滅, 過信",8,40,44,65,受動,40,32,"状況:移行期, 力学:協力者あり, 力学:順当な力関係"
天澤履 九四,60,10,九四,履虎尾。愬愬。終吉。 （とらのおをふむ。さくさく。おわりにきち。） 意味：虎の尾を踏む。恐る恐る警戒する。最終的には吉。,避けられない危険な状況に直面するが、極度の警戒心と、細心の注意を払って慎重に行動することで、最終的にその難局を乗り切ることができる。,勝ちパターン,1,"慎重, 危機管理, 警戒",天澤履,"危機管理, 吉, 慎重, 警戒",67,40,40,35,能動,56,42,"状況:変革期, 力学:協力者なし, 心理:慎重"
天澤履 九五,61,10,九五,夬履。貞厲。 （かいり。ていあやうし。） 意味：決断して踏み行う。正しくしていれば危うい。（※解釈テキストでは「无咎」）,厳しい状況の中で、リーダーとして重大な意思決定を下す時。その道は正しくても、常に危険が伴う。強い意志と覚悟が試される。,停滞・中立パターン,0,"決断, 責任, 試練",天澤履,"リスクあり, 問題なし, 決断, 試練, 責任",67,60,64,50,能動,20,56,"状況:絶頂期, 力学:協力者なし, 心理:正道堅持"
天澤履 上九,62,10,上九,視履考祥。其旋元吉。 （りをみ、しょうをこうがう。そのめぐりげんきち。） 意味：自分の行動を振り返り、吉凶をよく考える。その反省によって大いに吉となる。,全てのプロセスが終わった後、これまでの行動を深く振り返り、成功と失敗の原因を徹底的に検証する。その経験からの学びが、最高の幸運を招く。,大勝ちパターン,2,"反省, 洞察, 完成",天澤履,"凶, 反省, 吉, 完成, 洞察",75,55,36,65,能動,56,34,"状況:終極期, 力学:協力者あり"
地天泰 初九,63,11,初九,抜茅茹。以其彙。征吉。 （ぼうをぬくにじょのごとし。そのたぐいをもってす。ゆけばきち。） 意味：茅を抜くと根が繋がっている。仲間と共に進めば吉。,良いプロジェクトの始まり。中心人物の行動に、多くの協力者が自然と連なり、良い影響が広がる。最高のスタートであり、大いに吉。,大勝ちパターン,2,"連携, 波及効果, 始まり",地天泰,"吉, 始まり, 波及効果, 連携",92,55,60,25,能動,52,62,"状況:黎明期, 力学:協力者あり"
地天泰 九二,64,11,九二,包荒。用渉大川。不遐遺。朋亡。得尚于中行。 （こうをつつむ。たいせんをわたるをもちう。かをとどめず。ほうほろぶ。ちゅうこうにたっとばるるをえる。） 意味：荒れ地をも包み込む。大河を渡る。遠きも忘れず。朋党は滅ぶ。中庸の道で尊敬される。,リーダーが、広い心で多様な人々を受け入れる包容力を示す。偏りのない公平な姿勢が、派閥を超えた真の信頼を生み、困難な事業も成し遂げられる。,大勝ちパターン,2,"包容力, 公平性, リーダーシップ",地天泰,"リーダーシップ, 公平性, 包容力",92,70,68,25,能動,20,72,"状況:困窮状態, 状況:安定期, 力学:協力者あり"
地天泰 九三,65,11,九三,无平不陂。无往不復。艱貞无咎。… （たいらにしてへいだらざるはなし。ゆきてかえらざるはなし。かんにしてていなればとがなし。…） 意味：平らで坂にならない道はない。行って戻らないものはない。困難に耐え正しくすれば咎めなし。,泰平の世にも、必ず変化の兆しや困難は訪れる。現状に慢心せず、常に危機意識を持ち、来るべき変化に備えるべきという警告。,停滞・中立パターン,0,"変化の兆し, 危機意識, 忍耐",地天泰,"危機意識, 問題なし, 変化の兆し, 忍耐",50,55,32,65,能動,52,32,"状況:困窮状態, 状況:移行期, 力学:下剋上リスク, 力学:協力者あり, 心理:正道堅持"
地天泰 六四,66,11,六四,翩翩。不富以其隣。不戒以孚。 （へんぺん。とまずしてそのとなりをもってす。いましめずしてまことをもってす。） 意味：ひらひらと舞い降りる。富を誇示せず隣人と共に。警戒心なく真心で交わる。,平和な状況下で、上位者が謙虚に下位者と交流し、信頼に基づいて協力する。警戒心なく、オープンに連携することで、さらなる発展が生まれる。,勝ちパターン,1,"交流, 謙虚, 信頼",地天泰,"交流, 信頼, 謙虚",75,40,60,25,受動,44,56,"状況:変革期, 力学:協力者あり, 心理:謙虚"
地天泰 六五,67,11,六五,帝乙帰妹。以祉元吉。 （ていいつそのいもうとをとつがす。もってさいわいをしげんきち。） 意味：帝乙が妹を嫁がせる。それによって大いに幸せになる。大いに吉。,リーダー（帝乙）が、下位者（妹）を尊重し、結びつくことで、組織や社会全体が最高の調和と繁栄を享受する、理想的な状態。,大勝ちパターン,2,"調和, 繁栄, 理想的関係",地天泰,"吉, 理想的関係, 繁栄, 調和",92,60,68,25,受動,20,68,"状況:絶頂期, 力学:協力者あり"
地天泰 上六,68,11,上六,城復于隍。勿用師。…兇。 （しろこうにかえる。しをもちうるなかれ。…きょう。） 意味：城壁が堀に崩れ落ちる。軍を用いるな。…凶。,平和と繁栄が極まり、衰退が始まる。平和に慣れすぎ、危機への対応が遅れ、これまで築き上げた秩序や安定が崩壊する。,破滅パターン,-2,"衰退, 崩壊, 時代の終わり",地天泰,"凶, 崩壊, 時代の終わり, 衰退",17,40,44,65,受動,32,32,"状況:終極期, 状況:組織戦, 力学:協力者あり, アクション:現状維持"
天地否 初六,69,12,初六,抜茅茹。以其彙。貞吉。亨。 （ぼうをぬくにじょのごとし。そのたぐいをもってす。ていきち。とおる。） 意味：茅を抜くと根が繋がっている。仲間と共に進めば吉。亨る。,閉塞の始まり。しかし、問題の根源を特定し、志を同じくする仲間と協力して早期に対処すれば、この閉塞を打ち破ることができる、という希望の兆し。,大勝ちパターン,2,"協力, 団結, 打開策",天地否,"協力, 吉, 団結, 打開策",83,50,52,25,受動,28,56,"状況:黎明期, 力学:協力者あり, 心理:正道堅持"
天地否 六二,70,12,六二,包承。小人吉。大人否亨。 （ほうしょう。しょうじんきち。たいじんひにしてとおらず。） 意味：包み受け入れる。小人には吉。大人には閉塞して亨らない。,現状維持のために、不正や不合理な要求を受け入れてしまう。責任のない者（小人）はやり過ごせるが、リーダー（大人）がこの道を選ぶと、事態は好転せず、失敗に繋がる。,やや破滅パターン,-1,"迎合, 現状維持, 妥協",天地否,"吉, 妥協, 現状維持, 迎合",50,65,76,25,受動,20,74,"状況:停滞期, 状況:安定期, 力学:協力者あり"
天地否 六三,71,12,六三,包羞。 （ほうしゅう。） 意味：恥を包み隠す。,自身の過ちや組織の不都合な事実を隠蔽しようとする状態。問題から目を背け、責任を回避するその姿勢が、さらなる孤立と信頼の喪失を招く。,やや破滅パターン,-1,"隠蔽, 責任回避, 不誠実",天地否,"不誠実, 責任回避, 隠蔽",25,40,44,45,受動,40,40,"状況:移行期, 力学:協力者あり, 力学:順当な力関係"
天地否 九四,72,12,九四,有命。无咎。疇離祉。 （めいあり。とがなし。ちゅうしをうる。） 意味：天命がある。咎めはない。仲間と共に幸せを得る。,閉塞状態を打開するための「天命」が下り、変革が始まる。この決断は正しく、咎められない。共に困難を乗り越えようとする仲間が現れ、事態が好転し始める。,勝ちパターン,1,"変革, 決断, リーダーシップ",天地否,"リーダーシップ, 問題なし, 変革, 決断",67,55,52,25,能動,44,58,"状況:困窮状態, 状況:変革期, 力学:協力者あり"
天地否 九五,73,12,九五,休否。大人吉。其亡其亡。繋于苞桑。 （ひをやすむ。たいじんきち。「そのほろびんそのほろびん」と、ほうそうにつなぐ。） 意味：閉塞が休止する。大人には吉。「滅びるぞ」と常に警戒し、桑の株に繋ぐように安定を保つ。,長い閉塞が終わり、安定を取り戻し始める。しかし、リーダーは決して油断せず、常に危機意識を持ち、得られた平和を強固なものにする努力を続ける。,勝ちパターン,1,"回復, 安定化, 危機意識",天地否,"危機意識, 吉, 回復, 安定化",83,85,76,25,能動,8,82,"状況:停滞期, 状況:絶頂期, 力学:協力者あり"
天地否 上九,74,12,上九,傾否。先否後喜。 （ひをかたむく。さきにひにしてのちによろこびあり。） 意味：閉塞が傾く（終わる）。初めは閉塞だが、後には喜ぶ。,閉塞状態が極限に達し、ついに状況が大きく反転する。最も暗い時期が過ぎれば、必ず夜明けが来るという希望。苦難を乗り越えた結果、大きな喜びがもたらされる。,大勝ちパターン,2,"大逆転, 再生, 希望",天地否,"再生, 大逆転, 希望",75,55,36,45,能動,44,42,"状況:停滞期, 状況:終極期, 力学:協力者あり"
天火同人 初九,75,13,初九,同人于門。无咎。 （どうじんをもんにす。とがなし。） 意味：門の所で人々と志を同じくする。咎めはない。,新しい協力関係の始まり。特定のグループに限定せず、広く門戸を開いて協力を呼びかける。その開かれた姿勢自体が正しく、咎められない。,勝ちパターン,1,"オープン, 公平性, 始まり",天火同人,"オープン, 公平性, 問題なし, 始まり",75,40,36,55,能動,68,32,"状況:黎明期, 力学:下剋上リスク, 力学:協力者なし"
天火同人 六二,76,13,六二,同人于宗。吝。 （どうじんをそうにす。りん。） 意味：宗族（血縁者）とだけ志を同じくする。恥ずかしいことだ。,協力関係が、血縁や学閥など、排他的な内輪だけのものに留まっている状態。公平性を欠き、全体の利益を損なうため、いずれ恥をかくことになる。,やや破滅パターン,-1,"排他的, 派閥, 内向き",天火同人,"内向き, 排他的, 派閥",50,55,84,35,受動,12,70,"状況:安定期, 力学:協力者あり, 力学:順当な力関係"
天火同人 九三,77,13,九三,伏戎于莽。升其高陵。三歳不興。 （ふくじゅうをもうにす。そのこうりょうにのぼる。さんさいおこらず。） 意味：草むらに兵を隠し、高台から見張る。三年間も事が起こらない。,協力関係にあるはずが、互いに疑心暗鬼になり、水面下で対立している。不信感が根深く、物事が長期間にわたって停滞する、最悪の膠着状態。,破滅パターン,-2,"不信感, 停滞, 疑心暗鬼",天火同人,"不信感, 停滞, 疑心暗鬼",17,40,32,55,能動,72,30,"状況:移行期, 力学:協力者なし"
天火同人 九四,78,13,九四,乗其墉。弗克攻。吉。 （そのよう（城壁）にのる。うつことあたわず。きち。） 意味：城壁に登るが、攻め入ることはしない。吉。,対立関係において、相手を攻撃できる状況にあっても、力ずくで問題を解決しようとしない。争いを避けるその賢明な判断が、結果的に吉となる。,勝ちパターン,1,"自制, 争いの回避, 賢明な判断",天火同人,"争いの回避, 吉, 自制, 賢明な判断",67,40,40,35,能動,56,42,"状況:変革期, 力学:協力者なし"
天火同人 九五,79,13,九五,同人先号咷而後笑。大師克相遇。 （どうじんさきにごうとうしてのちにわらう。たいしかちてあいあう。） 意味：初めは泣き叫ぶが、後で笑う。大軍が互いに出会う。,深刻な対立や困難を乗り越え、最終的に真の和解と協力関係を築く。深い苦しみの後に、最高の喜びと結束が訪れる、劇的な大逆転。,大勝ちパターン,2,"和解, 苦難の克服, 団結",天火同人,"和解, 団結, 苦難の克服",100,75,76,25,能動,32,78,"状況:困窮状態, 状況:組織戦, 状況:絶頂期, 力学:協力者あり"
天火同人 上九,80,13,上九,同人于郊。无悔。 （どうじんをこうにす。くいなし。） 意味：郊外で人々と志を同じくする。悔いはない。,激しい協力や対立の段階が終わり、中心から一歩離れた場所で、ゆるやかな連携を保っている状態。大きな成果はないが、平穏で悔いのない結末。,停滞・中立パターン,0,"完了, 距離感, 平穏",天火同人,"完了, 平穏, 距離感",42,40,24,65,能動,56,22,"状況:終極期, 力学:協力者なし, 心理:内省"
火天大有 初九,81,14,初九,无交害。匪咎。艱則无咎。 （がいとまじわるなし。とがにあらず。なやむとすなわちとがなし。） 意味：害と交わらない。咎めではない。困難を思えば咎めなし。,成功の初期段階。不適切な関係を避け、常に公正さを保つ。成功しても、困難な時の気持ちを忘れず、慎重に行動すれば問題ない。,勝ちパターン,1,"公平性, 慎重, 始まり",火天大有,"公平性, 問題なし, 始まり, 慎重",75,40,48,35,能動,52,46,"状況:困窮状態, 状況:黎明期, 力学:協力者なし, 心理:慎重"
火天大有 九二,82,14,九二,大車以載。有攸往。无咎。 （たいしゃもってのす。ゆくところあり。とがなし。） 意味：大きな車で物を積む。行くところがあれば、咎めなし。,多くの富や資源を有効に活用できる能力と器がある。それらを社会貢献など、正当な目的のために用いれば、咎められることはない。,大勝ちパターン,2,"能力, 資源, 実行力",火天大有,"問題なし, 実行力, 能力, 資源",92,70,68,25,能動,20,72,"状況:安定期, 力学:協力者あり"
火天大有 九三,83,14,九三,公用亨于天子。小人弗克。 （こうもっててんしにきょうす。しょうじんはかつことあたわず。） 意味：公が天子に献上する。小人にはできない。,得られた富や成功を私物化せず、社会全体や公のために捧げる。私利私欲のない、高潔な人物だけができる、徳の高い行動。,大勝ちパターン,2,"公共の利益, 社会貢献, 無私",火天大有,"公共の利益, 無私, 社会貢献",83,50,32,55,能動,60,34,"状況:移行期, 力学:協力者なし"
火天大有 九四,84,14,九四,匪其彭。无咎。 （そのほうにあらず。とがなし。） 意味：その勢いを盛んにしない。咎めはない。,大きな成功を収めても、その力や富を誇示せず、謙虚な姿勢を保つ。慢心せず、自らを律することで、咎めを避けることができる。,勝ちパターン,1,"謙虚, 自己抑制, 慢心の回避",火天大有,"問題なし, 慢心の回避, 自己抑制, 謙虚",67,40,28,55,能動,72,28,"状況:変革期, 力学:下剋上リスク, 力学:協力者なし, 心理:謙虚"
火天大有 六五,85,14,六五,厥孚交如。威如。吉。 （そのまことこうじょ。いじょ。きち。） 意味：その真心が交わる。威厳がある。吉。,リーダーが真心をもって人々と接し、普遍的な信頼を得ている。親しみやすさの中にも、尊敬されるに足る威厳があり、物事は順調に進む。,大勝ちパターン,2,"信頼, 誠実, リーダーシップ",火天大有,"リーダーシップ, 信頼, 吉, 誠実",92,60,76,25,受動,12,72,"状況:絶頂期, 力学:協力者あり, 力学:順当な力関係"
火天大有 上九,86,14,上九,自天祐之。吉无不利。 （てんよりこれをたすく。きちにしてりせざるなし。） 意味：天がこれを助ける。吉にして、利益にならないことはない。,繁栄と徳が極まり、もはや人間的な努力を超えて、天からの助けや幸運を得られる、最高の状態。何をしても、全てがうまくいく。,大勝ちパターン,2,"天佑, 究極の成功, 徳",火天大有,"吉, 天佑, 徳, 究極の成功",75,50,24,55,能動,56,30,"状況:終極期, 力学:協力者なし"
地山謙 初六,87,15,初六,謙謙君子。用渉大川。吉。 （けんけんくんし。たいせんをわたるをもちう。きち。） 意味：謙虚にまた謙虚な君子。大河を渡るのに用いる。吉。,新しいことを始める際、極めて謙虚な姿勢で臨む。その謙虚さが周囲の信頼を呼び、どんな困難な課題（大川）でも乗り越えることができる。,大勝ちパターン,2,"謙虚, 始まり, 困難克服",地山謙,"吉, 困難克服, 始まり, 謙虚",83,25,40,35,受動,52,36,"状況:困窮状態, 状況:黎明期, 力学:協力者なし, 心理:謙虚"
地山謙 六二,88,15,六二,鳴謙。貞吉。 （めいけん。ていきち。） 意味：謙虚さが（鳴り響くように）表れる。正しくしていれば吉。,内面の謙虚さが、言葉や行動に自然とにじみ出て、周囲から高く評価される。その真価が認められ、物事は順調に進む。,勝ちパターン,1,"評判, 信頼, 誠実",地山謙,"信頼, 吉, 評判, 誠実",83,40,72,35,受動,12,58,"状況:安定期, 力学:協力者なし, 力学:順当な力関係, 心理:正道堅持, 心理:謙虚"
地山謙 九三,89,15,九三,労謙君子。有終吉。 （ろうけんくんし。おわりありてきち。） 意味：努力しながらも謙虚な君子。最終的には吉。,多大な功績を上げながらも、決して驕ることなく、謙虚な姿勢を保ち続ける。その努力と謙虚さは、必ず最高の結末を迎える。,大勝ちパターン,2,"努力, 功績, 有終の美",地山謙,"功績, 努力, 吉, 有終の美",83,55,32,65,能動,64,32,"状況:移行期, 力学:下剋上リスク, 力学:協力者あり, 心理:謙虚"
地山謙 六四,90,15,六四,无不利。撝謙。 （ふりなきなし。けんをふるう。） 意味：不利なことはない。（謙虚さを）発揮すれば。,どんな状況においても、謙虚な姿勢を保つことで、あらゆる不利な状況を避け、乗り越えることができる。謙虚さそのものが最強の武器となる。,大勝ちパターン,2,"万能, 柔軟性, 利益",地山謙,"万能, 利益, 柔軟性",92,35,48,35,受動,56,44,"状況:変革期, 力学:協力者なし, 心理:謙虚"
地山謙 六五,91,15,六五,不富以其鄰。利用侵伐。无不利。 （とまずしてそのとなりをもってす。しんばつをもちうるによろし。ふりなきなし。） 意味：富を誇示せず隣人と共にある。侵伐に用いるのが良い。不利なことはない。,高い地位にありながらも、その権威をひけらかさず、常に周囲と共にある。その謙虚さがあるからこそ、いざという時には断固たる行動が取れ、成功する。,勝ちパターン,1,"リーダーシップ, 公正, 決断",地山謙,"リーダーシップ, 公正, 決断",75,55,56,35,受動,32,56,"状況:絶頂期, 力学:協力者なし, 心理:謙虚"
地山謙 上六,92,15,上六,鳴謙。利用行師。征邑国。 （めいけん。しをおこなうをもちうるによろし。ゆうこくをせいす。） 意味：謙虚さが鳴り響く。軍隊を動かすのが良い。自分の国を討伐する。,謙虚さの評判が確立しているため、内部改革など、痛みを伴う厳しい決断を下しても、周囲の理解と協力を得て、成功させることができる。,勝ちパターン,1,"権威, 改革, 信頼",地山謙,"信頼, 改革, 権威",67,50,44,45,能動,56,44,"状況:変革期, 状況:終極期, 状況:組織戦, 力学:協力者あり, 心理:謙虚"
雷地豫 初六,93,16,初六,鳴豫。凶。 （めいよ。きょう。） 意味：喜びを公言する。凶。,まだ準備が整っていない初期段階で、成功を公言したり、派手に喜びを表したりする。その軽率さと油断が、必ず失敗を招く。,破滅パターン,-2,"時期尚早, 軽率, 油断",雷地豫,"凶, 時期尚早, 油断, 軽率",17,40,52,45,受動,40,44,"状況:黎明期, 力学:協力者あり, アクション:準備"
雷地豫 六二,94,16,六二,介于石。不終日。貞吉。 （かいをいしにす。ひをおわらず。ていきち。） 意味：岩のように堅固に守る。一日も待たない。正しくしていれば吉。,周囲が喜びや活気に浮かれる中で、一人冷静さを保ち、岩のように堅固な信念を守る。問題の兆候を察知し、迅速に対処することで、良い結果を得る。,勝ちパターン,1,"堅実, 冷静, 迅速な対応",雷地豫,"冷静, 吉, 堅実, 迅速な対応",83,40,64,35,受動,20,54,"状況:安定期, 力学:協力者なし, 心理:正道堅持"
雷地豫 六三,95,16,六三,盱豫。悔。遅有悔。 （くよ。くいあり。おくるればくいあり。） 意味：仰ぎ見て喜ぶ。悔いる。遅れれば悔いがある。,自分の判断を持たず、他者の成功や喜びに安易に追従する。主体性のないその態度は、行動のタイミングを逃し、後悔することに繋がる。,やや破滅パターン,-1,"追従, 主体性の欠如, 後悔",雷地豫,"主体性の欠如, 後悔, 追従",25,25,32,65,受動,52,20,"状況:移行期, 力学:協力者なし, 力学:順当な力関係, 心理:内省"
雷地豫 九四,96,16,九四,由豫。大有得。勿疑。朋盍簪。 （ゆうよ。おおいにうるところあり。うたがうなかれ。ほうかんざしをあわす。） 意味：喜びの源となる。大いに得るものがある。疑うな。仲間が集まる。,リーダーとして、自らが喜びや活気の中心となり、周囲を導く。その行動力とビジョンが、多くの協力者を引き寄せ、大きな成果を上げる。,大勝ちパターン,2,"リーダーシップ, 求心力, 成果",雷地豫,"リーダーシップ, 成果, 求心力",83,55,40,45,能動,60,44,"状況:変革期, 力学:下剋上リスク, 力学:協力者あり"
雷地豫 六五,97,16,六五,貞疾。恒不死。 （ていしつ。つねにしせず。） 意味：正しくしていれば病気になる。しかし常に死なない。（※解釈テキストでは凶）,表面的な安定や安楽に浸り、変化を拒む状態。それは慢性的な病のように、組織や個人をじわじわと蝕んでいく。すぐには破綻しないが、危険な状態。,やや破滅パターン,-1,"慢心, 現状維持, 隠れた問題",雷地豫,"凶, 慢心, 現状維持, 隠れた問題",42,45,56,55,受動,20,44,"状況:絶頂期, 力学:協力者なし, 心理:正道堅持"
雷地豫 上六,98,16,上六,冥豫。成有渝。无咎。 （めいよ。なりてかわることあり。とがなし。） 意味：盲目的な喜び。成果があっても変化する。咎めはない。,喜びや享楽に溺れ、現実が見えなくなっている状態。いずれその宴は終わり、状況は変化する。しかし、その過ちに気づき、反省すれば、咎めはない。,停滞・中立パターン,0,"享楽, 終焉, 反省",雷地豫,"享楽, 反省, 問題なし, 終焉",50,25,32,55,受動,56,24,"状況:終極期, 力学:協力者なし"
沢雷随 初九,99,17,初九,官有渝。貞吉。出門交有功。 （かんいかわることあり。ていきち。もんをいでてまじわればこうあり。） 意味：役職や方針に変化がある。正しくしていれば吉。門を出て交流すれば功績がある。,時代の変化の兆しをいち早く察知する。自分の殻に閉じこもらず、積極的に外部と交流し、情報収集を行うことで、変化の波に乗り、成功を収めることができる。,勝ちパターン,1,"変化への対応, 交流, 積極性",沢雷随,"交流, 吉, 変化への対応, 積極性",75,40,36,55,能動,68,32,"状況:黎明期, 力学:下剋上リスク, 力学:協力者なし, 心理:正道堅持"
沢雷随 六二,100,17,六二,繋小子。失丈夫。 （しょうしにかかる。じょうぶをうしなう。） 意味：子供に執着し、立派な者を失う。,変化の中で、取るに足らないことや、目先の未熟な利益（小子）に固執した結果、本当に価値のあるものや、尊敬すべきパートナー（丈夫）を失う、という判断の誤り。,破滅パターン,-2,"判断ミス, 優先順位, 損失",沢雷随,"優先順位, 判断ミス, 損失",33,55,76,25,受動,20,70,"状況:安定期, 力学:協力者あり"
沢雷随 六三,101,17,六三,繋丈夫。失小子。随有求得。… （じょうぶにかかる。しょうしをうしなう。…したがいて、もとめてうるところあり。） 意味：立派な者に執着し、子供を失う。追随すれば求めるものを得られる。,些細なこと（小子）を捨ててでも、真に価値のある指導者や、正しい理念（丈夫）に追随する賢明な選択。これにより、最終的に求める成果を得られる。,大勝ちパターン,2,"賢明な選択, 本質, 指導者",沢雷随,"指導者, 本質, 賢明な選択",75,25,32,55,受動,52,24,"状況:移行期, 力学:協力者なし, 力学:順当な力関係"
沢雷随 九四,102,17,九四,随有獲。貞凶。有孚在道。以明。何咎。 （したがいてうるところあり。ていはきょう。まことありてみちにあれば、もってあきらかにす。なんのとがあらん。） 意味：追随して得るものがあるが、正しくなければ凶。道に真心があれば、咎めはない。,追随することで利益を得るが、その動機が不純であったり、私利私欲であったりすると、後に大きな災いを招く。常に誠実さと公正さが問われる、危険な成功。,やや破滅パターン,-1,"危険な成功, 動機, 公正さ",沢雷随,"公正さ, 凶, 動機, 危険な成功",33,40,40,55,能動,44,34,"状況:変革期, 力学:協力者なし, 心理:正道堅持"
沢雷随 九五,103,17,九五,孚于嘉。吉。 （かにまことあり。きち。） 意味：素晴らしいものに真心をもって追随する。吉。,特定の人物や利益ではなく、正義や美徳といった、普遍的で素晴らしい理念（嘉）に、真心をもって従う。最高の追随の形であり、大いに吉。,大勝ちパターン,2,"理念, 誠実, 美徳",沢雷随,"吉, 理念, 美徳, 誠実",100,75,64,45,能動,36,64,"状況:絶頂期, 力学:下剋上リスク, 力学:協力者あり"
沢雷随 上六,104,17,上六,拘繋之。乃従維之。… （こうけいし。すなわちしたがいこれをひく。…） 意味：引き止められ、繋がれる。それに従い、さらに縛られる。,変化を拒否し、過去の成功体験や古い慣習に固執する。あるいは、特定の人物に盲目的に従い続け、主体性を失い、完全に行き詰まってしまう。,破滅パターン,-2,"盲従, 固執, 行き詰まり",沢雷随,"固執, 盲従, 行き詰まり",17,25,32,55,受動,56,24,"状況:停滞期, 状況:終極期, 力学:協力者なし"
山風蠱 初六,105,18,初六,幹父之蠱。有子。考无咎。厲終吉。 （ちちのこをただす。こあり。こうにとがなし。あやうけれど、おわりにきち。） 意味：父の腐敗を正す。子がいれば、父に咎はない。危ういが最終的には吉。,腐敗や問題が発生した初期段階。先代や過去の問題を、責任感を持って引き受け、解決に乗り出す。困難で危うい任務だが、その志と行動は正しく、最終的には良い結果に繋がる。,勝ちパターン,1,"問題解決, 責任感, 改革の始まり",山風蠱,"リスクあり, 吉, 問題なし, 問題解決, 改革の始まり, 責任感",67,25,48,50,受動,44,34,"状況:困窮状態, 状況:黎明期, 力学:協力者なし, 力学:順当な力関係"
山風蠱 九二,106,18,九二,幹母之蠱。不可貞。 （ははのこをただす。ていなるべからず。） 意味：母の腐敗を正す。固く守りすぎてはいけない。,感情的、あるいは構造的に根深い問題に対処する。力ずくで厳しく改革しようとすると、かえって反発を招き、失敗する。柔軟で、穏健なアプローチが必要とされる。,停滞・中立パターン,0,"柔軟性, 感情的な問題, 慎重",山風蠱,"感情的な問題, 慎重, 柔軟性",58,70,68,25,能動,8,72,"状況:変革期, 状況:安定期, 力学:協力者あり, 心理:正道堅持"
山風蠱 九三,107,18,九三,幹父之蠱。小有悔。无大咎。 （ちちのこをただす。すこしくいあり。おおきなとがなし。） 意味：父の腐敗を正す。少し悔いがあるが、大きな咎めはない。,問題解決のために、少し性急すぎたり、やり方が強引すぎたりする。そのため、多少の後悔や小さな失敗は伴うが、改革自体は前に進み、致命的な問題にはならない。,停滞・中立パターン,0,"やり過ぎ, 小さな失敗, 軌道修正",山風蠱,"やり過ぎ, 小さな失敗, 軌道修正",50,40,20,85,能動,76,12,"状況:変革期, 状況:移行期, 力学:下剋上リスク, 力学:協力者なし, 心理:内省"
山風蠱 六四,108,18,六四,裕父之蠱。往見吝。 （ちちのこをゆるやかにす。ゆけばりんをみる。） 意味：父の腐敗を寛大に見過ごす。そのまま行けば恥を見る。,解決すべき問題を見て見ぬふりをし、放置する。現状維持を選び、改革を怠ることで、いずれ状況はさらに悪化し、大きな恥をかくことになる。,やや破滅パターン,-1,"問題の放置, 怠慢, 悪化",山風蠱,"問題の放置, 怠慢, 悪化",42,25,48,45,受動,56,36,"状況:変革期, 力学:協力者なし"
山風蠱 六五,109,18,六五,幹父之蠱。用誉。 （ちちのこをただす。もってほまれあり。） 意味：父の腐敗を正す。名誉を得る。,困難な改革を見事に成し遂げ、組織や家を立て直す。その能力と功績が高く評価され、周囲から大きな名誉と尊敬を得る、理想的な問題解決。,大勝ちパターン,2,"見事な解決, 功績, 名誉",山風蠱,"功績, 名誉, 見事な解決",92,60,76,25,受動,12,72,"状況:困窮状態, 状況:変革期, 状況:絶頂期, 力学:協力者あり, 力学:順当な力関係"
山風蠱 上九,110,18,上九,不事王侯。高尚其事。 （おうこうにつかえず。そのことをこうしょうにす。） 意味：王侯に仕えず、自らの事を高尚にする。,全ての問題を解決し、その功績によって得られる地位や名誉に固執しない。俗世間から一歩退き、自らの精神性を高めるという、最も高潔な境地。,大勝ちパターン,2,"超越, 隠遁, 精神的充実",山風蠱,"精神的充実, 超越, 隠遁",75,40,24,55,能動,56,26,"状況:終極期, 力学:協力者なし"
地沢臨 初九,111,19,初九,咸臨。貞吉。 （かんりん。ていきち。） 意味：（皆で）感じ合って臨む。正しくしていれば吉。,物事の始まりにおいて、関係者全員が心を一つにし、誠実な気持ちで協力し合う。その公正な姿勢とチームワークが、幸先の良いスタートを切らせる。,勝ちパターン,1,"協力, 始まり, 誠実",地沢臨,"協力, 吉, 始まり, 誠実",75,55,60,25,能動,28,62,"状況:黎明期, 力学:協力者あり, 心理:正道堅持"
地沢臨 九二,112,19,九二,咸臨。吉无不利。 （かんりん。きちにしてふりなきなし。） 意味：（皆で）感じ合って臨む。吉であり、利益にならないことは何もない。,協力関係がさらに深まり、信頼が完全に確立されている。何をやってもうまくいく、絶好調の時期。勢いがあり、大きな成果が期待できる。,大勝ちパターン,2,"絶好調, 成功, チームワーク",地沢臨,"チームワーク, 吉, 成功, 絶好調",92,80,56,45,能動,36,62,"状況:安定期, 力学:下剋上リスク, 力学:協力者あり"
地沢臨 六三,113,19,六三,甘臨。无攸利。既憂之。无咎。 （かんりん。りするところなし。すでにこれをうれう。とがなし。） 意味：甘い言葉で臨む。利するところがない。すでにこれを憂えれば、咎めなし。,実力を伴わない甘い言葉や、安易な迎合で人に臨もうとする。そのやり方では良い結果は得られないが、その過ちに気づき、反省すれば、大きな問題には至らない。,やや破滅パターン,-1,"甘い言葉, 不誠実, 軌道修正",地沢臨,"不誠実, 問題なし, 甘い言葉, 軌道修正",25,35,24,55,受動,60,24,"状況:移行期, 力学:協力者なし"
地沢臨 六四,114,19,六四,至臨。无咎。 （しりん。とがなし。） 意味：至り臨む。咎められることはない。,私心なく、誠実な態度で物事や人に対応する。その公正な姿勢が評価され、スムーズに事が進み、咎められることがない、安定した状態。,勝ちパターン,1,"誠実, 協調性, 信頼",地沢臨,"信頼, 協調性, 問題なし, 誠実",75,40,60,25,受動,44,56,"状況:変革期, 力学:協力者あり"
地沢臨 六五,115,19,六五,知臨。大君之宜。吉。 （ちりん。たいくんのぎ。きち。） 意味：知恵をもって臨む。偉大な君主の徳である。吉。,リーダーが、力だけでなく、深い知恵と洞察力をもって組織や人々を導く。その賢明なリーダーシップは、周囲から尊敬され、大きな成功をもたらす。,大勝ちパターン,2,"賢明なリーダー, 知恵, 徳",地沢臨,"吉, 徳, 知恵, 賢明なリーダー",92,60,68,25,受動,20,68,"状況:絶頂期, 力学:協力者あり"
地沢臨 上六,116,19,上六,敦臨。吉无咎。 （とんりん。きちにしてとがなし。） 意味：篤く臨む。吉にして咎められることはない。,全てを成し遂げた後も、誠実で手厚い態度で人々と接する。引退した賢者が、後進を温かく見守るような、徳の高い状態。,勝ちパターン,1,"寛大, 貢献, メンター",地沢臨,"メンター, 吉, 問題なし, 寛大, 貢献",67,25,32,55,受動,56,24,"状況:終極期, 力学:協力者なし"
風地観 初六,117,20,初六,童観。小人无咎。君子吝。 （どうかん。しょうじんはとがなし。くんしはりん。） 意味：子供のように見る。小人には咎はないが、君子には恥。,物事を表面的なレベルでしか見ることができず、本質を理解できない未熟な視点。責任ある立場の者がこの状態にあるのは、恥ずべきこと。,やや破滅パターン,-1,"未熟, 表面的な視点, 視野の狭さ",風地観,"問題なし, 未熟, 表面的な視点, 視野の狭さ",33,25,40,45,受動,52,32,"状況:黎明期, 力学:協力者なし"
風地観 六二,118,20,六二,闚観。利女貞。 （きかん。じょのていによろし。） 意味：門の隙間から覗き見る。女性が正しくしていれば良い。,外部から、あるいは限定された情報源からしか物事を観察できていない状態。全体像を把握できていないため、重要な判断を下すには不十分。,停滞・中立パターン,0,"限定的な視野, 外部からの観察, 情報不足",風地観,"外部からの観察, 情報不足, 限定的な視野",67,65,76,25,受動,8,74,"状況:安定期, 力学:協力者あり, 心理:正道堅持"
風地観 六三,119,20,六三,観我生。進退。 （わがせいをみる。しんたい。） 意味：自分の生き様を見る。進むか退くか。,これまでの自分の行動や現在の状況を客観的に見つめ直し、このまま進むべきか、方針転換すべきかの、重大な決断を迫られている自己反省の時。,停滞・中立パターン,0,"自己分析, 内省, 決断の時",風地観,"内省, 決断の時, 自己分析",42,40,36,45,受動,48,36,"状況:移行期, 力学:協力者あり"
風地観 六四,120,20,六四,観国之光。利用賓于王。 （くにのひかりをみる。おうにひんたるをもちうるによろし。） 意味：その国の光を見る。王の賓客となるのが良い。,優れた組織や成功事例（国之光）を観察し、そこから学ぶ段階。その姿勢や能力が認められ、影響力を持つ人物（王）から招かれ、活躍の機会を得る。,勝ちパターン,1,"学習, ベンチマーキング, 抜擢",風地観,"ベンチマーキング, 学習, 抜擢",75,35,56,35,受動,48,48,"状況:変革期, 力学:協力者なし, 力学:順当な力関係"
風地観 九五,121,20,九五,観我生。君子无咎。 （わがせいをみる。くんしはとがなし。） 意味：（君主が）自らの生き様を見せる。君子であれば咎められない。（※解釈テキストでは「観其生」）,リーダーの行動や言動が、常に周囲から厳しく観察されている。公正で模範となる振る舞いを続けることで、衆からの信頼を得て、咎められることがない。,大勝ちパターン,2,"リーダーシップ, 模範, 透明性",風地観,"リーダーシップ, 問題なし, 模範, 透明性",100,75,76,25,能動,20,78,"状況:絶頂期, 力学:協力者あり"
風地観 上九,122,20,上九,観其生。君子无咎。 （そのせいをみる。くんしはとがなし。） 意味：（己の）生き様を見る。君子であれば咎められない。,外的な現象だけでなく、自身の存在意義や人生の目的といった、内面の真実を深く洞察する、最も高次の観察。精神的に成熟し、自己と世界が調和した境地。,大勝ちパターン,2,"洞察, 精神的成熟, 哲学",風地観,"哲学, 問題なし, 洞察, 精神的成熟",75,55,36,45,能動,44,42,"状況:終極期, 力学:協力者あり"
火雷噬嗑 初九,123,21,初九,屨校滅趾。无咎。 （くこうめつし。とがなし。） 意味：足枷で足の指を隠す。咎めはない。,問題がまだ小さいうちに、軽い注意や警告で、その芽を摘み取る。早期に正しく対処することで、大きな問題への発展を防ぐ、賢明な一手。,勝ちパターン,1,"早期是正, 規律, 未然防止",火雷噬嗑,"問題なし, 早期是正, 未然防止, 規律",75,55,48,45,能動,56,48,"状況:黎明期, 力学:下剋上リスク, 力学:協力者あり"
火雷噬嗑 六二,124,21,六二,噬膚滅鼻。无咎。 （ぜいふめつび。とがなし。） 意味：皮を噛んで鼻まで傷つける。咎めはない。,比較的簡単な問題を解決するが、少しやり方が厳しすぎる。多少の行き過ぎはあっても、問題自体は解決されるため、大きな咎めはない。,停滞・中立パターン,0,"やり過ぎ, 強引, 問題解決",火雷噬嗑,"やり過ぎ, 問題なし, 問題解決, 強引",67,40,72,35,受動,24,58,"状況:安定期, 力学:協力者なし, 力学:順当な力関係"
火雷噬嗑 六三,125,21,六三,噬腊肉。遇毒。小吝。无咎。 （ぜいろうにく。どくにあう。しょうりん。とがなし。） 意味：干し肉を噛む。毒に遭う。少し悔いがあるが、咎めはない。,複雑で困難な問題に直面し、解決の過程で予期せぬ反発や困難（毒）に遭う。完璧な解決とはいかず、多少の後悔は残るが、何とか乗り切れる。,停滞・中立パターン,0,"困難な問題, 抵抗, 忍耐",火雷噬嗑,"問題なし, 困難な問題, 忍耐, 抵抗",50,40,20,85,能動,76,12,"状況:困窮状態, 状況:移行期, 力学:下剋上リスク, 力学:協力者なし, 心理:内省"
火雷噬嗑 九四,126,21,九四,噬乾胏。得金矢。利艱貞。吉。 （ぜいかんし。きんしをう。かんにしてていなるによろし。きち。） 意味：骨付きの干し肉を噛む。金の矢を得る。困難だが正しくして吉。,最も困難で根深い問題に、強力な権限や決定的な手段（金矢）を用いて立ち向かう。正義を貫けば、この最大の難関を突破し、成功を収めることができる。,大勝ちパターン,2,"難関突破, 権威, 決断",火雷噬嗑,"吉, 権威, 決断, 難関突破",92,50,60,25,受動,32,60,"状況:困窮状態, 状況:変革期, 力学:協力者あり, 心理:正道堅持"
火雷噬嗑 六五,127,21,六五,噬乾肉。得黄金。貞厲无咎。 （ぜいかんにく。おうごんをう。ていあやうけれどもとがなし。） 意味：干し肉を噛む。黄金を得る。正しくしていれば危ういが、咎めなし。,問題の核心に到達し、それを解決することで、大きな価値（黄金）を得る。成功は目前だが、まだ危険な状況。慎重さを保てば、咎められることはない。,勝ちパターン,1,"核心, 成果, 警戒",火雷噬嗑,"リスクあり, 問題なし, 成果, 核心, 警戒",75,45,64,50,受動,12,50,"状況:絶頂期, 力学:協力者なし, 力学:順当な力関係, 心理:慎重, 心理:正道堅持"
火雷噬嗑 上九,128,21,上九,何校滅耳。凶。 （かこうめつじ。きょう。） 意味：首枷をはめられ、耳まで隠れる。凶。,警告を無視し、道理に反した者が、最終的に厳しい裁きを受ける。もはや弁明の余地もなく、完全に孤立し、破滅する、最悪の結末。,破滅パターン,-2,"懲罰, 破滅, 孤立",火雷噬嗑,"凶, 孤立, 懲罰, 破滅",8,40,24,75,能動,56,18,"状況:終極期, 力学:協力者なし"
山火賁 初九,129,22,初九,賁其趾。舎車而徒。 （そのしをかざる。くるまをすててとす。） 意味：その足元を飾る。車を捨てて徒歩で行く。,新しいことの始まり。派手な手段（車）に頼らず、まずは足元（基礎）を固め、地道な努力（徒歩）から始める。その誠実な姿勢が、咎めなき良いスタートを切らせる。,勝ちパターン,1,"基礎固め, 謙虚, 誠実",山火賁,"基礎固め, 誠実, 謙虚",75,40,36,55,能動,68,32,"状況:黎明期, 力学:下剋上リスク, 力学:協力者なし"
山火賁 六二,130,22,六二,賁其鬚。 （そのしゅをかざる。） 意味：そのヒゲを飾る。,自分の功績を主張せず、上位者（あご）を引き立てる補佐役（ヒゲ）に徹する。全体の調和を重んじる、従順で正しい在り方。,停滞・中立パターン,0,"補佐役, 協調性, 縁の下の力持ち",山火賁,"協調性, 縁の下の力持ち, 補佐役",67,40,64,35,受動,32,54,"状況:安定期, 力学:協力者なし"
山火賁 九三,131,22,九三,賁如濡如。永貞吉。 （ひじょじゅじょ。えいていきち。） 意味：飾りが濡れているようだ。永遠に正しければ吉。,見せかけの華やかさに溺れ、実質が伴わない危うい状態。しかし、その中でも誠実さや正しい道（永貞）を保ち続ければ、最終的には吉となる。,停滞・中立パターン,0,"虚飾, 見せかけ, 本質の維持",山火賁,"吉, 本質の維持, 虚飾, 見せかけ",42,40,44,45,受動,28,40,"状況:移行期, 力学:協力者あり, 力学:順当な力関係, 心理:正道堅持"
山火賁 六四,132,22,六四,賁如皤如。白馬翰如。匪寇婚媾。 （ひじょはくじょ。はくばかんじょ。こうにあらずこんこう。） 意味：飾りが白く質素。白馬が飛ぶように来る。賊ではなく、縁組である。,派手な装飾を捨て、質素で誠実な態度（白賁）で臨む。その純粋さが、疑いを晴らし、真の協力者（婚媾）を引き寄せる。,勝ちパターン,1,"シンプル, 誠実, 信頼",山火賁,"シンプル, 信頼, 誠実",67,40,28,65,能動,84,24,"状況:変革期, 力学:下剋上リスク, 力学:協力者なし"
山火賁 六五,133,22,六五,賁于丘園。束帛戔戔。吝。終吉。 （きゅうえんにかざる。そくはくせんせん。りん。おわりにきち。） 意味：丘や庭園で飾る。贈り物の絹はわずか。恥ずかしいが、最終的には吉。,物質的な豊かさ（束帛）よりも、精神的な豊かさや、賢者との交流（丘園）を重んじる。見栄を捨て、本質を追求することで、最終的に大きな幸運を得る。,勝ちパターン,1,"質素, 精神的豊かさ, 本質主義",山火賁,"吉, 本質主義, 精神的豊かさ, 質素",75,45,64,45,受動,24,52,"状況:絶頂期, 力学:協力者なし, 力学:順当な力関係"
山火賁 上九,134,22,上九,白賁。无咎。 （はくひ。とがなし。） 意味：白く飾る（飾らない）。咎められることはない。,全ての飾りを削ぎ落とし、本質そのもので勝負する、飾りの究極の形。内面の徳や実力が完成されており、もはや飾りを必要としない、最高の状態。,大勝ちパターン,2,"完成, 本質, シンプル, 洗練",山火賁,"シンプル, 問題なし, 完成, 本質, 洗練",75,55,36,45,能動,44,42,"状況:終極期, 力学:協力者あり"
山地剝 初六,135,23,初六,剝牀以足。蔑貞凶。 （はくしょういそく。ていをめっすればきょう。） 意味：寝台の足元が剥がれる。正しくても凶。,衰退の始まり。組織やシステムの土台から、問題が生じ始めている。この流れに逆らって正論を主張しても、聞き入れられず、事態は悪化する。,破滅パターン,-2,"衰退の始まり, 崩壊の兆し, 基礎の揺らぎ",山地剝,"凶, 基礎の揺らぎ, 崩壊の兆し, 衰退の始まり",17,25,40,55,受動,40,28,"状況:黎明期, 力学:協力者なし, 心理:正道堅持"
山地剝 六二,136,23,六二,剝牀以辨。蔑貞凶。 （はくしょういべん。ていをめっすればきょう。） 意味：寝台の縁まで剥がれる。正しくても凶。,問題がさらに進行し、より明確に表面化してくる。状況はさらに悪化しており、正しい行動を取ろうとしても、結果に繋がりにくい、厳しい状態。,破滅パターン,-2,"問題の進行, 悪化, 危機",山地剝,"凶, 危機, 問題の進行, 悪化",33,40,64,55,受動,20,46,"状況:安定期, 力学:協力者なし, 心理:正道堅持"
山地剝 六三,137,23,六三,剝之无咎。 （これをはくす。とがなし。） 意味：（自ら）剥がれ去る。咎められることはない。,状況の悪化が避けられないと悟り、抵抗するのをやめ、自らその状況や組織から身を引く。賢明な撤退であり、これ以上の咎めを免れる。,停滞・中立パターン,0,"撤退, 距離を置く, 損失回避",山地剝,"問題なし, 損失回避, 撤退, 距離を置く",42,40,36,45,受動,48,36,"状況:移行期, 力学:協力者あり"
山地剝 六四,138,23,六四,剝牀以膚。凶。 （はくしょういふ。きょう。） 意味：寝台の表面（皮）まで剥がれる。凶。,問題が、もはや隠し通せない核心部分にまで及び、危機が目前に迫っている。地位や財産など、自身にとって極めて重要なものを失う、非常に危険な状況。,破滅パターン,-2,"危機的状況, 深刻化, 痛みを伴う損失",山地剝,"凶, 危機的状況, 深刻化, 痛みを伴う損失",25,25,48,55,受動,56,32,"状況:変革期, 力学:協力者なし"
山地剝 六五,139,23,六五,貫魚。以宮人寵。无不利。 （うおをつらぬく。きゅうじんのちょうをもってす。ふりなきなし。） 意味：魚が連なるように（衆を率いる）。宮人が寵愛を受けるように。不利なことはない。,崩壊寸前の状況下で、唯一残った陽のリーダーが、残された人々（陰）を巧みに統率し、秩序を保つ。その賢明なリーダーシップにより、最悪の事態を回避する。,大勝ちパターン,2,"リーダーシップ, 危機管理, 結束",山地剝,"リーダーシップ, 危機管理, 結束",92,55,64,35,受動,24,60,"状況:絶頂期, 力学:協力者なし, 力学:順当な力関係"
山地剝 上九,140,23,上九,碩果不食。君子得輿。小人剝廬。 （せきかしょくせず。くんしはよをう。しょうじんはろをはくす。） 意味：大きな果実が残される。君子は輿を得る。小人は家を失う。,全てが剥がれ落ちた後、次世代への希望の種（碩果）だけが残る。正しく耐え抜いた賢者（君子）は人々の支持を得て再生し、悪しき者（小人）は全てを失う。,大勝ちパターン,2,"再生, 希望, 新たな始まり, 因果応報",山地剝,"再生, 因果応報, 希望, 新たな始まり",75,55,36,45,能動,44,42,"状況:終極期, 力学:協力者あり"
地雷復 初九,141,24,初九,不遠復。无祇悔。元吉。 （とおからずかえる。くいにいたるなし。げんきち。） 意味：遠くに行かないうちに引き返す。悔いることはない。大いに吉。,過ちに気づき、問題がまだ小さいうちに、すぐに正しい道へと引き返す。その迅速な軌道修正は、最高の幸運を招き、悔いを残さない。,大勝ちパターン,2,"早期修正, 軌道修正, 原点回帰",地雷復,"原点回帰, 吉, 早期修正, 軌道修正",92,55,48,55,能動,56,44,"状況:黎明期, 力学:下剋上リスク, 力学:協力者あり, 心理:内省"
地雷復 六二,142,24,六二,休復。吉。 （きゅうふく。きち。） 意味：安らかに回復する。吉。,周囲の善良な人々（初九の陽爻）に導かれ、無理せず、穏やかに正しい道へと回復していく。周囲との調和の中で、安らかに立ち直れる吉の時。,勝ちパターン,1,"穏やかな回復, 協力, 支援",地雷復,"協力, 吉, 支援, 穏やかな回復",83,40,64,35,受動,20,54,"状況:安定期, 力学:協力者なし"
地雷復 六三,143,24,六三,頻復。厲无咎。 （ひんぷく。あやうけれどとがなし。） 意味：繰り返し回復する。危ういが咎められることはない。,悪癖や間違いを直そうとするが、何度も挫折を繰り返してしまう。不安定で危うい状況だが、それでも回復しようと努力し続ける限り、大きな咎めはない。,停滞・中立パターン,0,"不安定, 挫折, 粘り強さ",地雷復,"リスクあり, 不安定, 問題なし, 挫折, 粘り強さ",42,25,24,70,受動,60,14,"状況:移行期, 力学:協力者なし"
地雷復 六四,144,24,六四,中行独復。 （ちゅうこうどくふく。） 意味：（周りから離れ）中道を行き、一人で回復する。,周囲がまだ過ちの中にいても、それに流されず、ただ一人、正しい道に戻ろうと努力する。孤独だが、その信念に基づいた行動は尊い。,勝ちパターン,1,"孤独な努力, 信念, 自律",地雷復,"信念, 孤独な努力, 自律",75,40,60,25,受動,44,56,"状況:変革期, 力学:協力者あり"
地雷復 六五,145,24,六五,敦復。无悔。 （とんぷく。くいなし。） 意味：篤く回復する。悔やむことはない。,表面的な改善ではなく、心から深く反省し、誠実に、そして根本的に自己を改める。その篤い姿勢が、一切の悔いを残さない、完璧な回復をもたらす。,大勝ちパターン,2,"誠実な反省, 根本的改善, 信頼回復",地雷復,"信頼回復, 根本的改善, 誠実な反省",92,45,56,45,受動,32,48,"状況:絶頂期, 力学:協力者なし, 心理:内省"
地雷復 上六,146,24,上六,迷復。凶。…十年不克征。 （めいふく。きょう。…じゅうねんかつことあたわず。） 意味：回復に迷う。凶。…十年も征伐に勝てない。,回復すべきチャンスがあったにもかかわらず、迷い、過ちを改めなかった者の末路。状況はさらに悪化し、長期にわたって再起不能なほどの、深刻な災いを招く。,破滅パターン,-2,"機会損失, 破滅, 長期停滞",地雷復,"凶, 機会損失, 破滅, 長期停滞",17,25,32,75,能動,68,16,"状況:終極期, 力学:協力者なし"
天雷无妄 初九,147,25,初九,无妄行。吉。 （むもうにしてゆく。きち。） 意味：偽りなく行動する。吉。,物事の始まりにおいて、私心や邪念なく、純粋で誠実な心で行動する。その正しい出発は、自ずと良い結果を引き寄せる。,勝ちパターン,1,"純粋, 誠実, 始まり",天雷无妄,"吉, 始まり, 純粋, 誠実",75,55,60,25,能動,52,62,"状況:黎明期, 力学:協力者あり"
天雷无妄 六二,148,25,六二,不耕獲。不菑畬。則利有攸往。 （たがやさずしてえず。さいせずしてよならず。すなわちゆくところあるによろし。） 意味：耕さずに収穫せず、開墾せずに畑にしない。そうすれば進むのに利がある。,結果を焦り、労力に見合わない成果を求めない。自然の摂理に従い、地道な努力を積み重ねる。その分相応な姿勢が、着実な成功に繋がる。,勝ちパターン,1,"自然体, 無欲, 分相応",天雷无妄,"分相応, 無欲, 自然体",75,80,68,25,能動,20,76,"状況:安定期, 力学:協力者あり"
天雷无妄 六三,149,25,六三,无妄之災。或繫之牛。行人之得。邑人之災。 （むもうのさい。あるいはこれをつなぐうし。こうじんのうる。ゆうじんのわざわい。） 意味：予期せぬ災難。繋いでいた牛を旅人が連れ去り、村人が災難に遭う。,自分に非がないにもかかわらず、予期せぬトラブルや災難に巻き込まれる。理不尽な状況に直面し、損失を被る、避けがたい不運。,破滅パターン,-2,"予期せぬ災難, 理不尽, 巻き込まれ",天雷无妄,"予期せぬ災難, 巻き込まれ, 理不尽",17,40,20,75,能動,76,16,"状況:移行期, 力学:下剋上リスク, 力学:協力者なし"
天雷无妄 九四,150,25,九四,可貞。无咎。 （ていにすべし。とがなし。） 意味：正しくしていればよい。咎められることはない。,予期せぬ災難や困難な状況に直面しても、動揺せず、自身の倫理観や原則を固く守り続ける。その誠実な姿勢が、最終的に咎めを免れさせる。,停滞・中立パターン,0,"忍耐, 信念, 誠実",天雷无妄,"信念, 問題なし, 忍耐, 誠実",58,40,60,25,受動,32,56,"状況:困窮状態, 状況:変革期, 力学:協力者あり, 心理:正道堅持"
天雷无妄 九五,151,25,九五,无妄之疾。勿薬有喜。 （むもうのやまい。くすりをもちうるなかれよろこびあり。） 意味：予期せぬ病。薬を用いなくても喜びがある。,根拠のない批判や疑いをかけられる（予期せぬ病）。しかし、焦って弁解（薬）せず、自然に任せていれば、やがて真実が明らかになり、喜びが訪れる。,勝ちパターン,1,"静観, 自然な解決, 信頼",天雷无妄,"信頼, 自然な解決, 静観",75,60,76,25,受動,12,72,"状況:絶頂期, 力学:協力者あり, 力学:順当な力関係"
天雷无妄 上九,152,25,上九,无妄行。有眚。无攸利。 （むもうにしてゆく。わざわいあり。りするところなし。） 意味：偽りなく行動するが（度を越す）。災いがある。利益はない。,自分の行動が正しいと信じ込むあまり、状況を顧みず、度を越した行動に出てしまう。善意から出た行動であっても、やり過ぎはかえって災難を招く。,破滅パターン,-2,"行き過ぎ, 軽率, 無謀",天雷无妄,"無謀, 行き過ぎ, 軽率",8,50,24,55,能動,68,30,"状況:終極期, 力学:協力者なし"
山天大畜 初九,153,26,初九,有厲。利已。 （あやうきあり。やむによろし。） 意味：危険がある。止まるのが良い。（※ご提示の解釈テキストと異なるため古典解釈を優先）,力を蓄え始める初期段階。まだ前進するには危険が伴うため、無理に行動せず、その場で止まり、状況を見極めるべき時。,停滞・中立パターン,0,"待機, 抑制, 危険回避",山天大畜,"リスクあり, 危険回避, 待機, 抑制",58,50,36,70,能動,68,30,"状況:黎明期, 力学:下剋上リスク, 力学:協力者なし"
山天大畜 九二,154,26,九二,輿説輹。 （よだつふく。） 意味：車の車軸が外れる。,力を蓄えるプロセスに、内部的な問題や対立が生じ、計画が頓挫しかけている状態。このままでは、せっかくの蓄積が無駄になる危険性がある。,やや破滅パターン,-1,"停滞, 機能不全, 障害",山天大畜,"停滞, 機能不全, 障害",50,55,76,25,受動,20,70,"状況:安定期, 力学:協力者あり"
山天大畜 九三,155,26,九三,良馬逐。利艱貞。…利有攸往。 （りょうばおう。かんにしてていなるによろし。…ゆくところあるによろし。） 意味：良い馬が互いに追いかける。困難だが正しければ良い。…行くところに利益がある。,蓄えた力が発揮され始め、良い競争相手と共に成長していく。困難は伴うが、正しい姿勢で臨めば、大きな目標に向かって前進できる。,勝ちパターン,1,"才能開花, 前進, 訓練",山天大畜,"前進, 才能開花, 訓練",58,50,44,45,受動,28,44,"状況:困窮状態, 状況:移行期, 力学:協力者あり, 力学:順当な力関係, 心理:正道堅持"
山天大畜 六四,156,26,六四,童牛之牿。元吉。 （どうぎゅうのこく。げんきち。） 意味：若い牛に角をはめて、人を傷つけないようにする。大いに吉。,未熟だが強力な才能や力が暴走しないよう、適切な指導や制約を与える。その賢明なリスクマネジメントが、将来の大きな成功を保証する。,大勝ちパターン,2,"教育, 育成, リスク管理",山天大畜,"リスク管理, 吉, 教育, 育成",83,40,40,35,能動,56,42,"状況:変革期, 力学:協力者なし"
山天大畜 六五,157,26,六五,豶豕之牙。吉。 （ふんしのきば。きち。） 意味：牙を抜かれた豚。吉。,危険で強力な力（牙のある豚）を、その危険性を取り除くことで、安全で有益な力へと変える。困難な要素を巧みにコントロールし、味方につける。,勝ちパターン,1,"制御, 問題解決, 無力化",山天大畜,"制御, 吉, 問題解決, 無力化",83,75,76,25,能動,20,78,"状況:困窮状態, 状況:絶頂期, 力学:協力者あり"
山天大畜 上九,158,26,上九,何天之衢。亨。 （てんのきをいかんぞする。とおる。） 意味：天の道を遮るものが何もない。願いが亨る。,長い蓄積の期間が終わり、その力が完全に解放される時。もはや何の障害もなく、物事はスムーズに進み、大いなる成功を収める。,大勝ちパターン,2,"完成, 成功, 解放, 繁栄",山天大畜,"完成, 成功, 繁栄, 解放",75,65,36,45,能動,44,46,"状況:終極期, 力学:協力者あり"
山雷頤 初九,159,27,初九,舎爾霊亀。観我朶頤。凶。 （じのれいきをすて、わがたいをみる。きょう。） 意味：自分の霊亀を捨て、私が口を動かすのを見る。凶。,自身の内なる才能や本質（霊亀）を磨くことを放棄し、他人の成功や魅力を、ただ羨んでいる状態。自立心を失った依存的な姿勢は、破滅を招く。,破滅パターン,-2,"依存, 嫉妬, 本質軽視",山雷頤,"依存, 凶, 嫉妬, 本質軽視",25,55,48,65,能動,68,40,"状況:黎明期, 力学:下剋上リスク, 力学:協力者あり"
山雷頤 六二,160,27,六二,顛頤。拂経于丘。頤征凶。 （てんい。けいをかにおく。いせいきょう。） 意味：逆さまに養う。丘に背き、養いを求めに行けば凶。,基本や原則から外れた、不適切な方法で自らを養おうとする。栄養の偏った食事や、質の悪い情報摂取など、間違った努力はかえって害となる。,破滅パターン,-2,"間違った方法, 原則違反, 努力の無駄",山雷頤,"凶, 努力の無駄, 原則違反, 間違った方法",33,40,64,55,能動,44,46,"状況:安定期, 力学:協力者なし"
山雷頤 六三,161,27,六三,弗頤。貞凶。十年勿用。无攸利。 （ふつい。ていはきょう。じゅうねんもちうるなかれ。りするところなし。） 意味：養わない。正しくても凶。十年も役に立たない。利益はない。,自分を養う努力そのものを放棄し、自堕落な状態に陥る。その頑固な姿勢を続ければ、長期的に見て致命的な結果を招く。,破滅パターン,-2,"怠惰, 自堕落, 長期停滞",山雷頤,"凶, 怠惰, 自堕落, 長期停滞",8,50,36,65,受動,36,32,"状況:移行期, 力学:協力者あり, アクション:現状維持, 心理:正道堅持"
山雷頤 六四,162,27,六四,顛頤。吉。虎視眈眈。其欲逐逐。无咎。 （てんい。きち。こしたんたん。そのよくちくちく。とがなし。） 意味：逆さまに養う。吉。虎のように鋭く見て、その欲求が止まらない。咎めなし。,下位者が、上位者から知識や支援を、貪欲なまでに求め、吸収する。その強い学習意欲と正しい師を選ぶ姿勢が、大きな成長をもたらす。,勝ちパターン,1,"探求心, 貪欲な学習, メンター",山雷頤,"メンター, 吉, 問題なし, 探求心, 貪欲な学習",75,40,60,25,受動,44,56,"状況:変革期, 状況:組織戦, 力学:協力者あり"
山雷頤 六五,163,27,六五,拂経。居貞吉。不可渉大川。 （けいにそむく。ていにいればきち。たいせんをわたるべからず。） 意味：常道に反するが、正しくしていれば吉。大河は渡れない。,困難な状況で、大きな挑戦（大河を渡る）は避けるべき時。無理に行動せず、自分の基本原則を守り、内面を養うことに集中すれば、安定を保てる。,停滞・中立パターン,0,"守り, 内面の充実, 待機",山雷頤,"内面の充実, 吉, 守り, 待機",58,45,64,35,受動,12,56,"状況:困窮状態, 状況:絶頂期, 力学:協力者なし, 力学:順当な力関係, 心理:正道堅持"
山雷頤 上九,164,27,上九,由頤。厲吉。大君之由也。 （いによる。あやうけれどきち。たいくんのよるところなり。） 意味：（最高の）養いを行う。危ういが吉。偉大な君主のあり方だ。,自己の利益を超え、社会全体を養い、貢献する、高潔なリーダーの姿。その道は多くの困難や犠牲（厲）を伴うが、最高の価値を生み出す。,大勝ちパターン,2,"社会貢献, リーダーシップ, 自己犠牲",山雷頤,"リスクあり, リーダーシップ, 吉, 社会貢献, 自己犠牲",75,55,36,60,能動,44,36,"状況:困窮状態, 状況:終極期, 力学:協力者あり"
澤風大過 初六,165,28,初六,藉用白茅。无咎。 （はくぼうをもちいてしく。とがなし。） 意味：白い茅を敷いて物を置く。咎めはない。,危機や異常事態の初期段階。軽率な行動を絶対的に避け、極めて慎重に、そして厳粛な態度で準備を進める。その姿勢であれば、咎めは生じない。,停滞・中立パターン,0,"慎重, 準備, 危機管理",澤風大過,"危機管理, 問題なし, 慎重, 準備",50,40,60,25,受動,32,56,"状況:黎明期, 力学:協力者あり, 力学:順当な力関係, アクション:準備, 心理:慎重"
澤風大過 九二,166,28,九二,枯楊生稊。老夫得其女妻。无不利。 （こようていをしょうず。ろうふそのじょきょうをう。ふりなきなし。） 意味：枯れたヤナギに芽が出る。老いた男が若い妻を得る。不利なことはない。,絶望的な状況から、奇跡的に再生の兆しが見える。常識では考えられないような、異質なものの結合が、意外な活力を生み出し、事態を好転させる。,大勝ちパターン,2,"再生, 希望, 奇跡",澤風大過,"再生, 奇跡, 希望",92,65,56,35,能動,44,60,"状況:安定期, 力学:協力者なし"
澤風大過 九三,167,28,九三,棟撓。凶。 （とうぎょう。きょう。） 意味：棟木がたわむ。凶。,組織やプロジェクトの構造的な欠陥が露呈し、全体が重みに耐えきれず、崩壊寸前となっている状態。根本的な対策を講じなければ、破綻は免れない。,破滅パターン,-2,"崩壊寸前, 構造的欠陥, 限界",澤風大過,"凶, 崩壊寸前, 構造的欠陥, 限界",17,55,44,65,能動,48,38,"状況:移行期, 力学:協力者あり"
澤風大過 九四,168,28,九四,棟隆。吉。有他。吝。 （とうりゅう。きち。たあればりん。） 意味：棟木が盛り上がる。吉。他に頼れば恥。,組織の危機に対し、中心的なリーダーがその重責に耐え、自力で状況を立て直そうと奮闘する。その責任感と粘り強さが、良い結果を生む。,勝ちパターン,1,"奮闘, 危機対応, 責任感",澤風大過,"危機対応, 吉, 奮闘, 責任感",67,55,52,35,能動,44,54,"状況:変革期, 力学:協力者あり"
澤風大過 九五,169,28,九五,枯楊生華。老婦得其士夫。无咎无誉。 （こようはなをしょうず。ろうふそのしふをう。むきゅうむよ。） 意味：枯れたヤナギに花が咲く。老いた女性が若い夫を得る。咎も誉もない。,衰退の極みから、奇跡的とも言えるような新しい価値や才能（華）が生まれる。常識を覆すその変化は、まだ世間には理解されにくいが、咎められることはない。,停滞・中立パターン,0,"奇跡的再生, 常識外, 変化",澤風大過,"問題なし, 変化, 奇跡的再生, 常識外",67,60,52,55,能動,48,48,"状況:絶頂期, 力学:下剋上リスク, 力学:協力者なし"
澤風大過 上六,170,28,上六,過渉滅頂。凶。无咎。 （かせつめっちょう。きょう。とがなし。） 意味：無理に川を渡って頭まで水に浸かる。凶。しかし咎めはない。,危機的状況を救うため、自らの破滅を覚悟の上で、無謀な自己犠牲的行動に出る。個人としては凶だが、その行動が高潔な目的のためであれば、非難されることはない。,破滅パターン,-2,"自己犠牲, 無謀, 破滅, 殉職",澤風大過,"凶, 問題なし, 殉職, 無謀, 破滅, 自己犠牲",17,40,44,65,受動,44,32,"状況:終極期, 力学:協力者あり"
坎為水 初六,171,29,初六,習坎。入于坎窞。凶。 （しゅうかん。かんたんにいる。きょう。） 意味：困難を習う。陥穽の底に入り込む。凶。,困難の始まり。経験不足や情報不足から、問題の深みにはまりやすい。軽率な行動は、さらに状況を悪化させ、深刻な事態を招く。,破滅パターン,-2,"困難の始まり, 経験不足, 泥沼",坎為水,"凶, 困難の始まり, 泥沼, 経験不足",17,25,48,55,受動,44,32,"状況:困窮状態, 状況:黎明期, 力学:協力者なし, 力学:順当な力関係"
坎為水 九二,172,29,九二,坎有険。求小得。 （かんにけんあり。すこしうるをもとむ。） 意味：困難の中に険しさがある。少しの利益を求める。,困難の渦中にあり、完全な解決は望めない。高望みせず、一時的な回避や、達成可能な小さな成果を得ることに集中し、なんとか状況を凌ぐべき時。,停滞・中立パターン,0,"生存戦略, 現実的目標, 一時しのぎ",坎為水,"一時しのぎ, 現実的目標, 生存戦略",58,65,44,55,能動,48,46,"状況:困窮状態, 状況:安定期, 力学:下剋上リスク, 力学:協力者なし"
坎為水 六三,173,29,六三,来之坎坎。険且枕。入于坎窞。勿用。 （らいしかんかん。けんかつまくらす。かんたんにいる。もちうるなかれ。） 意味：来るのも行くのも困難。険しく、しかも枕となる。陥穽の底に入る。用いるな。,困難が次々と押し寄せ、進むも退くもできない八方塞がりの状態。心身ともに疲弊し、下手に動くとさらに深みにはまるため、行動を停止すべき。,破滅パターン,-2,"進退両難, 八方塞がり, 停滞",坎為水,"停滞, 八方塞がり, 進退両難",8,25,24,55,受動,48,20,"状況:困窮状態, 状況:移行期, 力学:協力者なし, アクション:現状維持"
坎為水 六四,174,29,六四,樽酒簋貳。用缶。納約自牖。终无咎。 （そんしゅきい。かんをもちう。やくをまどよりいる。おわりにとがなし。） 意味：酒樽と二杯の穀物。粗末な器を用いる。窓から約束を受け入れる。最終的に咎めなし。,困難な状況下で、見栄や形式を捨て、質素でも誠実な交流を通じて信頼関係を築く。その真心が、やがて危機を乗り越える助けとなる。,勝ちパターン,1,"誠実, 信頼関係, コミュニケーション",坎為水,"コミュニケーション, 信頼関係, 問題なし, 誠実",75,25,56,35,受動,48,44,"状況:困窮状態, 状況:変革期, 力学:協力者なし, 力学:順当な力関係"
坎為水 九五,175,29,九五,坎不盈。祇既平。无咎。 （かんいまだみず。もとすでにたいらかなり。とがなし。） 意味：困難が満ちない。満ちたと思ったが、すでに平らになっている。咎めなし。,最も深い困難の段階を乗り越え、状況が回復に向かい始める。最悪の事態は脱し、希望の光が見えてくるが、まだ油断はできない。,勝ちパターン,1,"危機脱出, 回復の兆し, 安定化",坎為水,"危機脱出, 問題なし, 回復の兆し, 安定化",83,60,52,55,能動,48,48,"状況:困窮状態, 状況:絶頂期, 力学:下剋上リスク, 力学:協力者なし"
坎為水 上六,176,29,上六,係用徽纆。置于叢棘。三歳不得。凶。 （けいようきばく。そうきょくにおく。さんさいえず。きょう。） 意味：太い縄で縛り、いばらの茂みに置く。三年間も出られない。凶。,困難から抜け出す機会を逃し、あるいは過ちを改めなかった結果、完全に行き詰まる。長期にわたって身動きが取れず、再起不能なほどの苦境に陥る。,破滅パターン,-2,"孤立, 拘束, 長期停滞",坎為水,"凶, 孤立, 拘束, 長期停滞",17,25,32,75,受動,68,16,"状況:困窮状態, 状況:終極期, 力学:協力者なし"
離為火 初九,177,30,初九,履錯然。敬之。无咎。 （りさくぜん。これをけいす。とがなし。） 意味：足元が乱れている。慎重にすれば咎めはない。,新しい活動の始まり。まだ足元が固まっておらず、状況が錯綜している。焦って派手に動かず、謙虚さと敬意をもって慎重に進めば、問題は避けられる。,停滞・中立パターン,0,"混乱, 慎重, 始まり",離為火,"問題なし, 始まり, 慎重, 混乱",58,40,36,55,能動,68,32,"状況:黎明期, 力学:下剋上リスク, 力学:協力者なし, 心理:慎重, 心理:謙虚"
離為火 六二,178,30,六二,黄離。元吉。 （こうり。げんきち。） 意味：黄色い輝き。大いに吉。,派手さや過剰さに走らず、中庸で、内実の伴った輝きを放っている。その誠実さや安定感が、最高の幸運を引き寄せる、理想的な状態。,大勝ちパターン,2,"中庸, 安定, 質実剛健",離為火,"中庸, 吉, 安定, 質実剛健",100,40,72,35,受動,24,58,"状況:安定期, 力学:協力者なし, 力学:順当な力関係"
離為火 九三,179,30,九三,日昃之離。不鼓缶而歌。則大耋之嗟。凶。 （じっそくのり。ふをたたきてうたわざれば、すなわちだいてつのなげきあらん。きょう。） 意味：日が傾いた時の輝き。缶を叩き歌わなければ、老人の嘆きとなる。凶。,成功の絶頂期を過ぎ、衰退の兆しが見え始めた状態。現状に満足して活気を維持する努力を怠ると、後悔先に立たず、破滅的な状況を招く。,破滅パターン,-2,"衰退, 慢心, 危機意識の欠如",離為火,"凶, 危機意識の欠如, 慢心, 衰退",17,40,32,75,能動,60,22,"状況:移行期, 力学:協力者なし, 心理:内省"
離為火 九四,180,30,九四,突如其来如。焚如死如棄如。 （とつじょそのきたるじょ。ふんじょしじょきじょ。） 意味：突然やって来る。燃えるように、死ぬように、捨てられるように。,予期せぬトラブルや不祥事、急な環境変化など、突発的で、抵抗しようのない災難に直面する。全てが燃え尽きるかのような、極めて危険な状況。,破滅パターン,-2,"突発的な災難, 破壊, 危機",離為火,"危機, 破壊, 突発的な災難",17,40,28,55,能動,72,28,"状況:変革期, 力学:下剋上リスク, 力学:協力者なし"
離為火 六五,181,30,六五,出涕沱若。戚嗟若。吉。 （しゅつていたじゃく。せきさじゃく。きち。） 意味：涙がとめどなく流れ、悲しみ嘆く。吉。,過去の過ちや損失に対し、深く悲しみ、心から反省する。その真摯な自己反省が、精神的な浄化に繋がり、新たな出発を可能にする、回復への道。,勝ちパターン,1,"反省, 悲嘆, 再出発",離為火,"再出発, 反省, 吉, 悲嘆",75,45,64,35,受動,36,56,"状況:絶頂期, 力学:協力者なし, 力学:順当な力関係"
離為火 上九,182,30,上九,王用出征。有嘉。折首獲匪其醜。无咎。 （おうもってしゅっせいす。かあり。くびをおりそのしゅうにあらざるをう。とがなし。） 意味：王が出征する。良いことがある。首謀者を討ち、醜くない者は捕らえる。咎めはない。,組織や社会の根本的な悪に対し、リーダーが断固たる決断を下し、これを排除する。ただし、公正な裁きを行い、無関係な者を巻き込まないことで、咎めなく問題を解決できる。,勝ちパターン,1,"決断, 正義の実行, 問題解決",離為火,"問題なし, 問題解決, 正義の実行, 決断",58,40,24,55,能動,68,26,"状況:終極期, 力学:協力者なし"
沢山咸 初六,183,31,初六,咸其拇。 （そのぼにかんず。） 意味：その足の親指が感応する。,物事の始まりにおける、ごくわずかな心の動きや、潜在的な影響。まだ具体的な行動には至らないが、何かの兆しを感じ取る最初の段階。,停滞・中立パターン,0,"兆し, 始まり, 潜在的",沢山咸,"兆し, 始まり, 潜在的",58,55,60,25,能動,40,62,"状況:黎明期, 力学:協力者あり"
沢山咸 六二,184,31,六二,咸其腓。凶。居吉。 （そのひにかんず。きょう。おればきち。） 意味：そのふくらはぎが感応する。凶。その場にとどまれば吉。,行動したいという衝動に駆られるが、まだ時期尚早。焦って軽率に動くと、反発を招き失敗する。じっと待つのが賢明であるという警告。,やや破滅パターン,-1,"衝動, 軽率, 忍耐",沢山咸,"凶, 吉, 忍耐, 衝動, 軽率",42,70,56,65,受動,24,50,"状況:安定期, 力学:下剋上リスク, 力学:協力者あり"
沢山咸 九三,185,31,九三,咸其股。執其随。往吝。 （そのこにかんず。そのずいをとり、ゆけばりん。） 意味：その股が感応する。その追随するものを捉える。進めば恥ずかしい。,感情的な動揺が激しく、自分の考えなく他者に追随してしまう。本来の目的を見失い、主体性のない行動は、いずれ恥をかく結果となる。,やや破滅パターン,-1,"感情的, 執着, 主体性の欠如",沢山咸,"主体性の欠如, 執着, 感情的",25,40,36,55,受動,48,32,"状況:移行期, 力学:協力者あり"
沢山咸 九四,186,31,九四,貞吉悔亡。憧憧往来。朋従爾思。 （ていきちにしてくいほろぶ。どうどうとしておうらいす。ともなんじのおもいにしたがう。） 意味：正しくして吉、悔いはない。人が憧れて行き来する。仲間があなたの考えに従う。,誠実で正しい姿勢が、周囲からの真の信頼と共感を呼ぶ。多くの人々がそのビジョンに惹きつけられ、自発的に協力者が集まってくる、理想的な状態。,大勝ちパターン,2,"信頼, リーダーシップ, 共感",沢山咸,"リーダーシップ, 信頼, 共感, 吉",92,40,60,35,受動,32,52,"状況:変革期, 力学:協力者あり, 心理:内省, 心理:正道堅持"
沢山咸 九五,187,31,九五,咸其脢。无悔。 （そのばいにかんず。くいなし。） 意味：その背中（心の中心）が感応する。悔いはない。,表面的な言葉ではなく、相手の心の奥深くにある真意を理解し、共感し合う。見返りを求めない、純粋で揺るぎない信頼関係が築かれている。,勝ちパターン,1,"信念, 決断, 迷いのなさ",沢山咸,"信念, 決断, 迷いのなさ",75,60,76,35,受動,12,68,"状況:絶頂期, 力学:協力者あり, 力学:順当な力関係, 心理:内省"
沢山咸 上六,188,31,上六,咸其輔頬舌。 （そのほきょうぜつにかんず。） 意味：そのあご・頬・舌が感応する。,行動や真心が伴わず、口先だけの巧みな言葉で、相手の気を引こうとする。中身のない、表面的なコミュニケーションは、結局誰の心にも響かない。,破滅パターン,-2,"口先だけ, 軽薄, 表面的な",沢山咸,"口先だけ, 表面的な, 軽薄",8,55,36,45,能動,44,42,"状況:終極期, 力学:協力者あり"
雷風恒 初六,189,32,初六,浚恒。貞凶。无攸利。 （しゅんこう。ていはきょう。りするところなし。） 意味：深く持続を求める。正しくても凶。利益はない。,物事の始まりで、性急に永遠や完璧な結果を求める。その焦りが、かえって深みにはまり、失敗を招く。準備不足のまま、長期的な関係や計画に踏み込むことの危険性。,破滅パターン,-2,"時期尚早, 焦り, 固執",雷風恒,"凶, 固執, 時期尚早, 焦り",25,65,48,65,能動,44,44,"状況:黎明期, 力学:下剋上リスク, 力学:協力者あり, アクション:準備, 心理:正道堅持"
雷風恒 九二,190,32,九二,悔亡。 （くいほろぶ。） 意味：悔いがなくなる。,状況の変化に適応しつつ、自己の核となる部分をしっかりと持続させている、バランスの取れた理想的な状態。過去の過ちや後悔が解消され、安定している。,大勝ちパターン,2,"安定, 中庸, 悔いの解消",雷風恒,"中庸, 安定, 悔いの解消",100,55,76,35,受動,20,66,"状況:安定期, 力学:協力者あり, 心理:内省"
雷風恒 九三,191,32,九三,不恒其徳。或承之羞。貞厲。 （そのとくをつねにせず。あるいはこれがおもねるをうく。ていりん。） 意味：その徳を持続できない。あるいは恥を負う。正しくしても恥ずかしい。（※解釈テキストでは「貞厲」）,行動や方針に一貫性がなく、その場しのぎでコロコロと変わる。その信頼性のなさが、周囲からの信用を失い、恥をかく原因となる。,やや破滅パターン,-1,"一貫性の欠如, 信用失墜, 不誠実",雷風恒,"リスクあり, 一貫性の欠如, 不誠実, 信用失墜",25,40,36,60,受動,36,30,"状況:移行期, 力学:協力者あり, 心理:正道堅持"
雷風恒 九四,192,32,九四,田无禽。 （でんにきんなし。） 意味：田に鳥獣がいない。,努力の方向性や場所が間違っている。獲物がいない場所で狩りをするように、目的を見失ったまま、無意味な努力を惰性で続けている状態。何の成果も得られない。,やや破滅パターン,-1,"無駄な努力, 目的喪失, 空回り",雷風恒,"無駄な努力, 目的喪失, 空回り",42,40,68,25,受動,36,60,"状況:変革期, 力学:協力者あり, 力学:順当な力関係"
雷風恒 六五,193,32,六五,恒其徳。貞。婦人吉。夫子凶。 （そのとくをつねにす。てい。ふじんはきち。ふうしはきょう。） 意味：その徳を持続する。正しい。妻には吉。夫には凶。,自分の徳目を守り続ける。この「守り」の姿勢は、従う立場（婦人）であれば吉だが、自ら動くべきリーダー（夫子）がこの状態にあると、好機を逃し、凶となる。,停滞・中立パターン,0,"役割認識, 守りの姿勢, 柔軟性",雷風恒,"凶, 吉, 守りの姿勢, 役割認識, 柔軟性",67,75,76,45,能動,8,70,"状況:絶頂期, 力学:協力者あり, 心理:正道堅持"
雷風恒 上六,194,32,上六,振恒。凶。 （しんこう。きょう。） 意味：振動して持続する。凶。,落ち着きがなく、常に動き回っているだけで、一貫した方針がない。その場当たり的な行動を「変化への対応」と勘違いし、結局は何も成し遂げられず、破綻する。,破滅パターン,-2,"落ち着きのなさ, 混乱, 破綻",雷風恒,"凶, 混乱, 破綻, 落ち着きのなさ",8,55,36,65,能動,56,34,"状況:終極期, 力学:協力者あり"
天山遯 初六,195,33,初六,遯尾。厲。勿用有攸往。 （とんび。あやうし。ゆくところあるをもちうるなかれ。） 意味：退くのに尻尾にいる。危うい。進んではいけない。,撤退のタイミングを逃し、後手に回っている危険な状態。問題の渦中に巻き込まれかけており、この段階で無理に進むのは絶対に避けるべき。,やや破滅パターン,-1,"撤退の遅れ, 危険, 後手",天山遯,"リスクあり, 危険, 後手, 撤退の遅れ",42,40,48,50,受動,40,40,"状況:黎明期, 力学:協力者なし, アクション:現状維持"
天山遯 六二,196,33,六二,執之用黄牛之革。莫之勝説。 （これをとるにこうぎゅうのかわをもちう。これをとくにかつものなし。） 意味：これを留めるのに黄牛の革を用いる。誰も引き離せない。,物理的に退けない状況で、自らの信念や原則を、丈夫な革のように固く守り抜く。外部の圧力や誘惑に屈しない、内なる強固な意志。,勝ちパターン,1,"信念, 忍耐, 堅持",天山遯,"信念, 堅持, 忍耐",75,70,68,25,能動,32,72,"状況:変革期, 状況:安定期, 力学:協力者あり"
天山遯 九三,197,33,九三,係遯。有疾厲。畜臣妾吉。 （けいとん。やまいありてあやうし。しんしょうをやしなうはきち。） 意味：引き止められて退く。病のように危うい。家来や妾を蓄えるのは吉。,退こうとしても、未練やしがらみに引き止められ、完全に離れられない中途半端な状態。この精神的な葛藤は病のように危ういが、部下を育て、力を蓄えるのは良い。,やや破滅パターン,-1,"しがらみ, 葛藤, 中途半端",天山遯,"しがらみ, リスクあり, 中途半端, 吉, 葛藤",33,55,44,60,能動,48,40,"状況:移行期, 力学:協力者あり"
天山遯 九四,198,33,九四,好遯。君子吉。小人否。 （こうとん。くんしはきち。しょうじんはひ。） 意味：好んで退く。君子は吉。小人はそうはいかない。,状況が悪化する前に、将来の危険を予見し、自らの意思で賢明に身を引く。目先の利益に囚われない、優れたリーダー（君子）だけができる最善の判断。,大勝ちパターン,2,"賢明な判断, 戦略的撤退, 先見の明",天山遯,"先見の明, 吉, 戦略的撤退, 賢明な判断",83,40,28,55,能動,72,28,"状況:停滞期, 状況:変革期, 力学:下剋上リスク, 力学:協力者なし"
天山遯 九五,199,33,九五,嘉遯。貞吉。 （かとん。ていきち。） 意味：素晴らしい撤退。正しくしていれば吉。,自身の名誉や利益に固執せず、全体の利益のために、潔く、そして美しく身を引く。その高潔な行動は、周囲から称賛され、模範となる。,大勝ちパターン,2,"模範, 潔さ, 平和的移行",天山遯,"吉, 平和的移行, 模範, 潔さ",92,60,68,25,受動,8,68,"状況:絶頂期, 力学:協力者あり, 心理:正道堅持"
天山遯 上九,200,33,上九,肥遯。无不利。 （ひとん。ふりなきなし。） 意味：ゆったりと隠遁する。不利なことはない。,社会的な役割や義務から完全に解放され、悠々自適に暮らす、究極の隠遁。世俗的な価値観を超越し、精神的に満たされた自由な境地。,大勝ちパターン,2,"超越, 自由, 隠遁",天山遯,"自由, 超越, 隠遁",83,50,44,45,受動,44,44,"状況:終極期, 力学:協力者あり"
雷天大壮 初九,201,34,初九,壮于趾。征凶。有孚。 （そうをしにす。ゆけばきょう。まことあり。） 意味：足の指に力がみなぎる。進めば凶。しかし真心はある。,意欲に満ちているが、まだ準備不足の初期段階。勢いだけで性急に行動すると、必ず失敗する。軽率な突進への強い警告。,やや破滅パターン,-1,"時期尚早, 軽率, 勇み足",雷天大壮,"凶, 勇み足, 時期尚早, 軽率",42,40,36,75,能動,80,24,"状況:黎明期, 力学:下剋上リスク, 力学:協力者なし, アクション:準備"
雷天大壮 九二,202,34,九二,貞吉。 （ていきち。） 意味：正しくしていれば吉。,勢いがある中で、その力を暴走させず、常に公正で正しい道筋を守る。そのバランス感覚と誠実さが、最高の幸運を引き寄せる、理想的な状態。,大勝ちパターン,2,"中庸, 公正, 安定成長",雷天大壮,"中庸, 公正, 吉, 安定成長",100,55,76,25,受動,8,70,"状況:安定期, 力学:協力者あり, 心理:正道堅持"
雷天大壮 九三,203,34,九三,小人用壮。君子用罔。…羝羊触藩。羸其角。 （しょうじんはそうをもちう。くんしはもうをもちう。…ていようはんをふみ、そのつのをくるしむ。） 意味：小人は勢いを用いるが、君子は用いない。…牡羊が垣根に突進し、角を絡ませる。,未熟な者が、その力を過信して、無謀で強引な行動に出る。その結果、身動きが取れなくなり、自らを窮地に追い込む、愚かな暴走。,破滅パターン,-2,"暴走, 無謀, 自滅",雷天大壮,"暴走, 無謀, 自滅",8,40,44,45,受動,40,40,"状況:移行期, 力学:協力者あり, 力学:順当な力関係"
雷天大壮 九四,204,34,九四,貞吉。悔亡。藩決不羸。… （ていきち。くいほろぶ。はんひらけてくるしまず。…） 意味：正しくしていれば吉。悔いがなくなる。垣根が開いて絡まらない。,これまでの無謀な行動を改め、正しい道に戻ることで、困難な状況から脱却できる。過去の過ちや後悔が解消される、回復の兆し。,勝ちパターン,1,"困難の克服, 悔いの解消, 軌道修正",雷天大壮,"吉, 困難の克服, 悔いの解消, 軌道修正",67,40,40,45,能動,44,38,"状況:困窮状態, 状況:変革期, 力学:協力者なし, 心理:内省, 心理:正道堅持"
雷天大壮 六五,205,34,六五,喪羊于易。无悔。 （ようをいにおいてうしなう。くいなし。） 意味：安易に羊を失う。悔いることはない。,勢いがある時こそ、小さな利益や、ささいな争いに固執しない。大局を見て、不要なものを手放すその余裕と判断力が、悔いのない結果を生む。,勝ちパターン,1,"大局観, 余裕, 賢明な判断",雷天大壮,"余裕, 大局観, 賢明な判断",83,75,76,35,能動,8,74,"状況:絶頂期, 力学:協力者あり, 心理:内省"
雷天大壮 上六,206,34,上六,羝羊触藩。不能退。不能遂。无攸利。艱則吉。 （ていようはんをふみ、しりぞくことあたわず、すすむことあたわず。りするところなし。なやむとすなわちきち。） 意味：牡羊が垣根に突進し、退くも進むもできない。利益はない。困難であれば吉。,勢いに任せた暴走の極み。進むことも退くこともできない、完全な行き詰まり状態。しかし、その極限の困難を自覚し、深く反省すれば、再生の道も残されている。,やや破滅パターン,-1,"行き詰まり, 膠着状態, 孤立",雷天大壮,"吉, 孤立, 膠着状態, 行き詰まり",25,65,36,45,能動,44,46,"状況:困窮状態, 状況:終極期, 力学:協力者あり"
火地晋 初六,207,35,初六,晋如摧如。貞吉。 （しんじょさいじょ。ていきち。） 意味：進もうとしては、挫けそうになる。正しくしていれば吉。,物事の始まりで、抵抗や障害に遭い、自信が揺らぐ。しかし、焦らず、正しい道を信じて地道な努力を続ければ、必ず乗り越えられる。,停滞・中立パターン,0,"始まりの困難, 障害, 忍耐",火地晋,"吉, 始まりの困難, 忍耐, 障害",50,40,52,25,受動,28,52,"状況:黎明期, 力学:協力者あり, 心理:正道堅持"
火地晋 六二,208,35,六二,晋如愁如。貞吉。受茲介福于其祖母。 （しんじょしゅうじょ。ていきち。このたいふくをそのそぼにうく。） 意味：進もうとしては憂いがある。正しくしていれば吉。祖母から大きな福を受ける。,進展の中にも、将来への不安や懸念を抱く時期。しかし、誠実さを保っていれば、経験豊富な支援者（祖母）からの助けを得て、状況は好転する。,勝ちパターン,1,"不安, 支援者, 恩恵",火地晋,"不安, 吉, 恩恵, 支援者",83,40,64,35,受動,20,54,"状況:安定期, 力学:協力者なし, 心理:正道堅持"
火地晋 六三,209,35,六三,衆允。悔亡。 （しゅういんす。くいほろぶ。） 意味：多くの人が同意する。悔いがなくなる。,自分の行動や提案が、多くの人々から賛同と支持を得られる。これまでの苦労が報われ、過去の失敗や後悔が完全に解消される、最高の状態。,大勝ちパターン,2,"大衆の支持, 合意形成, 信頼",火地晋,"信頼, 合意形成, 大衆の支持",75,40,44,55,受動,40,36,"状況:移行期, 力学:協力者あり, 力学:順当な力関係, 心理:内省"
火地晋 九四,210,35,九四,晋如鼫鼠。貞厲。 （しんじょせきそのごとし。ていあやうし。） 意味：ネズミのように進む。正しくても危うい。（※解釈テキストでは「晋如鼜如」）,（解釈テキストに基づき）物事が急速に発展し、大きな注目を集める。勢いがあるが、暴走の危険も伴う。正しい方向性を保つことができれば吉。,勝ちパターン,1,"急速な進展, 飛躍, 勢い",火地晋,"リスクあり, 勢い, 吉, 急速な進展, 飛躍",67,55,40,60,能動,48,38,"状況:変革期, 力学:下剋上リスク, 力学:協力者あり, 心理:正道堅持"
火地晋 六五,211,35,六五,悔亡。…得尚于中行。 （くいほろぶ。…ちゅうこうにたっとばるるをえる。） 意味：悔いがなくなる。…中庸の道によって高く評価される。,キャリアの頂点に立ち、過去の苦労が報われる。公平で偏りのないリーダーシップを発揮することで、内外から高い評価と信頼を得る。,大勝ちパターン,2,"リーダーシップ, 中庸, 功績, 名声",火地晋,"リーダーシップ, 中庸, 功績, 名声",92,45,64,45,受動,24,52,"状況:絶頂期, 力学:協力者なし, 力学:順当な力関係, 心理:内省"
火地晋 上九,212,35,上九,晋其角。…貞吝。 （そのつのをすすむ。…ていはりん。） 意味：その角で進む。…正しくすれば恥ずかしい。,成功の勢いに乗り、自分の能力を過信して、強引な手段や自己中心的な行動に出る。一時的に目的を達成できても、そのやり方は周囲の反発を招き、長期的には孤立や恥をかく原因となる。,やや破滅パターン,-1,"行き過ぎ, 強引, 孤立",火地晋,"孤立, 強引, 行き過ぎ",25,55,36,55,能動,32,38,"状況:終極期, 力学:協力者あり, 心理:正道堅持"
地火明夷 初九,213,36,初九,明夷于飛。垂其翼。… （めいいひにあり。そのつばさをたる。…） 意味：光明が飛び去る。翼を垂れる（隠す）。,危険の兆候をいち早く察知し、その影響が及ぶ前に、賢明に身を引く。自分の能力を隠し、目立たないようにして、災いを未然に回避する。,勝ちパターン,1,"危機察知, 賢明な撤退, 自己防衛",地火明夷,"危機察知, 自己防衛, 賢明な撤退",75,55,48,45,能動,56,48,"状況:黎明期, 力学:下剋上リスク, 力学:協力者あり"
地火明夷 六二,214,36,六二,明夷于左股。用拯馬壮。吉。 （めいいひだりのこにあり。じょうばをもちいてすくう。きち。） 意味：光明が左股を傷つける。強い馬で救う。吉。,危険な状況に巻き込まれ、負傷するなどの苦痛を伴う。しかし、信頼できる強力な支援者（強い馬）を得ることで、その困難を乗り越えることができる。,勝ちパターン,1,"負傷, 支援者, 危機克服",地火明夷,"危機克服, 吉, 支援者, 負傷",83,40,72,35,受動,24,58,"状況:困窮状態, 状況:安定期, 力学:協力者なし, 力学:順当な力関係"
地火明夷 九三,215,36,九三,明夷于南狩。得其大首。不可疾貞。 （めいいなんしゅにあり。そのたいしゅをう。はやくしてていなるべからず。） 意味：光明を隠し南へ狩りに行く。その大将の首を得る。急いで正してはいけない。,危険な状況下で、自らの真の意図を隠し、戦略的に行動する。その知恵によって、問題の根源である首謀者（大首）を討ち取り、大きな成功を収める。,大勝ちパターン,2,"戦略, 根本解決, 忍耐",地火明夷,"忍耐, 戦略, 根本解決",83,55,32,65,能動,52,32,"状況:移行期, 力学:下剋上リスク, 力学:協力者あり, 心理:正道堅持"
地火明夷 六四,216,36,六四,入于左腹。獲明夷之心。于出門庭。 （ひだりのはらにいる。めいいのこころをう。もんていをいず。） 意味：（敵の）左腹に入り込む。光明を隠す者の心を得て、門を出ていく。,敵陣の懐深くに潜入し、相手の真意や弱点を突き止める。目的を達成したら、速やかにその危険な場所から脱出するという、諜報活動の成功。,勝ちパターン,1,"潜入, 諜報, 情報収集",地火明夷,"情報収集, 潜入, 諜報",75,40,60,25,受動,56,56,"状況:変革期, 力学:協力者あり"
地火明夷 六五,217,36,六五,箕子之明夷。利貞。 （きしのめいい。ていによろし。） 意味：箕子のように光明を隠す。正しくしていればよい。,有能な賢者が、暴君の下で、あえて愚かなふりをして、自身の才能を隠し、災いを避ける。無理に抵抗せず、時が来るまで耐え忍ぶ、究極の自己防衛。,停滞・中立パターン,0,"忍耐, 韜晦, 生存戦略",地火明夷,"忍耐, 生存戦略, 韜晦",58,55,56,35,受動,20,56,"状況:絶頂期, 力学:協力者なし, 心理:正道堅持"
地火明夷 上六,218,36,上六,不明晦。初登于天。後入于地。 （めいならずくらし。はじめはてんにのぼり、のちにはちにいる。） 意味：光なく暗い。初めは天に昇るが、後には地に落ちる。,闇の支配者そのものの末路。一時は最高の権力を手にするが、その悪行ゆえに、最終的には完全に失墜し、破滅する。,破滅パターン,-2,"独裁者の末路, 破滅, 因果応報",地火明夷,"因果応報, 独裁者の末路, 破滅",17,40,44,45,受動,44,40,"状況:終極期, 力学:協力者あり"
風火家人 初九,219,37,初九,閑有家。悔亡。 （かんゆうか。くいほろぶ。） 意味：家を厳しく守る。悔いは消える。,組織や家庭の始まりにおいて、まず明確で厳格なルールを設定する。その事前の取り決めが、後の不正や混乱を防ぎ、悔いをなくす。,勝ちパターン,1,"規律, 秩序, 基礎固め",風火家人,"基礎固め, 秩序, 規律",75,40,48,45,能動,52,42,"状況:黎明期, 力学:協力者なし, 心理:内省"
風火家人 六二,220,37,六二,无攸遂。在内貞吉。 （ゆうになすことなし。ないにありてていきち。） 意味：外に求めるものはない。内を正しくしていれば吉。,外部への拡大や目立つ活動よりも、まずは内部の体制を固め、組織や家庭の基盤を充実させることに専念する。その堅実さが吉となる。,勝ちパターン,1,"内部の充実, 自己管理, 守り",風火家人,"内部の充実, 吉, 守り, 自己管理",75,70,56,45,能動,24,58,"状況:安定期, 力学:下剋上リスク, 力学:協力者あり, 心理:正道堅持"
風火家人 九三,221,37,九三,家人嗃嗃。悔厲吉。婦子嘻嘻。終吝。 （かじんこうこう。かいれいきち。ふしきき。おわりにはじ。） 意味：家族が厳しすぎて怒り合う。悔いるが危うくも吉。妻や子が和んで笑うようでは、結局は恥。,規律が厳しすぎて内部で反発が起きる。しかし、甘やかして規律が緩むよりは、厳格さを保つ方が、危うさはあっても最終的には吉となる。バランスの難しさ。,停滞・中立パターン,0,"バランス, 厳格さ, 規律",風火家人,"バランス, リスクあり, 厳格さ, 吉, 規律",42,40,44,70,受動,40,30,"状況:移行期, 力学:協力者あり, 力学:順当な力関係, 心理:内省"
風火家人 六四,222,37,六四,富家。大吉。 （ふか。たいきち。） 意味：家を豊かにする。大いに吉。,組織や家庭の内部が、物質的にも精神的にも豊かで、非常に良い状態。メンバーがそれぞれの役割を果たし、組織全体が繁栄している。,大勝ちパターン,2,"繁栄, 豊かさ, 安定",風火家人,"吉, 安定, 繁栄, 豊かさ",83,40,28,55,能動,72,28,"状況:変革期, 力学:下剋上リスク, 力学:協力者なし"
風火家人 九五,223,37,九五,王假有家。勿恤。吉。 （おうかくゆうか。うれうることなかれ。きち。） 意味：王が家を正しく治める。心配することはない。吉。,リーダーが、公正で模範的な行動を通じて、組織を効果的に統治している。その徳により組織全体が安定し、心配のいらない理想的な状態。,大勝ちパターン,2,"理想のリーダー, 信頼, 安心感",風火家人,"信頼, 吉, 安心感, 理想のリーダー",92,60,76,25,受動,12,72,"状況:絶頂期, 力学:協力者あり, 力学:順当な力関係"
風火家人 上九,224,37,上九,有孚威如。終吉。 （まことありいじょ。おわりにきち。） 意味：真心があり、威厳があるように。最終的には吉。,長年の努力と実績、そして真心によって、揺るぎない権威が確立された状態。厳しさの中にも温かさがあり、人々が自発的に従う、完成されたリーダーシップ。,大勝ちパターン,2,"権威, 威厳, 信頼, 完成",風火家人,"信頼, 吉, 威厳, 完成, 権威",75,55,36,45,能動,44,42,"状況:終極期, 力学:協力者あり"
火沢睽 初九,225,38,初九,悔亡。喪馬勿逐。自復。 （くいほろぶ。うまをうしなうもおうなかれ。おのずからかえる。） 意味：悔いは消える。馬を失っても追いかけない。自然に戻ってくる。,対立の初期段階。些細な行き違いや損失があっても、感情的に相手を追い詰めず、冷静に対処する。誠実な態度でいれば、誤解は自然と解ける。,勝ちパターン,1,"早期解決, 冷静な対応, 自制",火沢睽,"冷静な対応, 早期解決, 自制",75,55,48,55,能動,56,44,"状況:黎明期, 力学:下剋上リスク, 力学:協力者あり, 心理:内省"
火沢睽 九二,226,38,九二,遇主于巷。无咎。 （しゅをこうにあう。とがなし。） 意味：巷（ちまた）で主君に出会う。咎めはない。,周囲が対立している中で、偶然、あるいは意外な場所で、真に理解し合える協力者やリーダーに出会う。この出会いが、状況を好転させるきっかけとなる。,勝ちパターン,1,"理解者, 協力者, 偶然の出会い",火沢睽,"偶然の出会い, 協力者, 問題なし, 理解者",83,55,84,25,受動,24,74,"状況:安定期, 力学:協力者あり, 力学:順当な力関係"
火沢睽 六三,227,38,六三,見輿曳。其牛掣。其人天且劓。无初有終。 （よをひくをみる。そのうしせいせらる。そのひとてんしかつげいせらる。はじめなきも、おわりあり。） 意味：車が牛を引きずり、旅人は天罰で鼻を切られる。初めはないが終わりはある。,組織内で深刻な不調和が生じ、互いに足を引っ張り合う。痛みを伴う抜本的な調整が必要となる、非常に困難な状況。しかし、それを乗り越えれば、最終的には良い結果に繋がる。,停滞・中立パターン,0,"内部分裂, 深刻な不和, 試練",火沢睽,"内部分裂, 深刻な不和, 試練",50,40,20,75,能動,76,16,"状況:困窮状態, 状況:移行期, 力学:下剋上リスク, 力学:協力者なし"
火沢睽 九四,228,38,九四,睽孤。遇元夫。交孚。厲无咎。 （けいこ。げんぷにあう。こうしんす。あやうけれどもとがなし。） 意味：対立し孤立する。偉大な男に出会い、真心が通じ合う。危ういが咎めなし。,対立の中で深く孤立するが、自分を真に理解してくれる器の大きな人物と出会う。誠実な対話によって、危うい状況を打開し、咎めを免れる。,勝ちパターン,1,"孤立, 真の理解者, 信頼関係",火沢睽,"リスクあり, 信頼関係, 問題なし, 孤立, 真の理解者",75,40,68,40,受動,48,54,"状況:変革期, 力学:協力者あり, 力学:順当な力関係"
火沢睽 六五,229,38,六五,悔亡。厥宗噬膚。往何咎。 （くいほろぶ。そのそうふをかむ。ゆけばなんのとがあらん。） 意味：悔いは消える。その一族が肉を噛む（親密になる）。進んで何の咎めがあろうか。,長く続いた対立や誤解が完全に解消され、関係が回復する。分裂していた人々が再び固く団結し、本音で語り合える、最高の和解の状態。,大勝ちパターン,2,"和解, 団結, 関係修復",火沢睽,"和解, 団結, 関係修復",100,75,76,35,能動,20,74,"状況:絶頂期, 力学:協力者あり, 心理:内省"
火沢睽 上九,230,38,上九,睽孤。見豕負塗。載鬼一車。…往遇雨則吉。 （けいこ。しにどをおうをみる。おにをのせることいっしゃ。…ゆきてあめにあえばすなわちきち。） 意味：対立し孤立する。豚が泥を背負い、鬼が車に満載されているのを見る。…進んで雨に遭えば吉。,対立が極まり、周囲の全てが敵に見えるほど、極度に孤立し、疑心暗鬼に陥っている。しかし、状況が好転する機会（雨）が訪れる可能性も残されている。,やや破滅パターン,-1,"疑心暗鬼, 敵意, 孤立",火沢睽,"吉, 孤立, 敵意, 疑心暗鬼",25,40,24,55,能動,56,26,"状況:終極期, 力学:協力者なし"
水山蹇 初六,231,39,初六,往蹇来誉。 （ゆけばけん、きたればほまれ。） 意味：進めば困難だが、退けば誉められる。,困難の初期段階。これ以上進むことの不利をいち早く察知し、潔く撤退する。その賢明な判断が、結果的に損失を避け、周囲からの評価を得る。,勝ちパターン,1,"賢明な判断, 撤退, 損失回避",水山蹇,"損失回避, 撤退, 賢明な判断",67,25,48,35,受動,44,40,"状況:困窮状態, 状況:黎明期, 力学:協力者なし, 力学:順当な力関係"
水山蹇 六二,232,39,六二,王臣蹇蹇。非躬之故。 （おうしんけんけん。みのためならず。） 意味：王の臣下が足踏みする。自分自身のせいではない。,忠実に任務を果たそうとしても、外部要因や不可抗力によって、物事が進まない。個人の責任ではないため、耐え忍び、時を待つしかない状況。,停滞・中立パターン,0,"不可抗力, 忍耐, 外部要因",水山蹇,"不可抗力, 外部要因, 忍耐",58,70,56,45,能動,36,58,"状況:安定期, 力学:下剋上リスク, 力学:協力者あり"
水山蹇 九三,233,39,九三,往蹇来反。 （ゆけばけん、きたればはんす。） 意味：進めば困難、戻っても（同じ困難に）戻るだけ。,進むも退くも地獄という、八方塞がりの最も苦しい状況。どう行動しても裏目に出る可能性が高く、下手に動くとさらに事態が悪化する。,破滅パターン,-2,"進退両難, 八方塞がり, 行き詰まり",水山蹇,"八方塞がり, 行き詰まり, 進退両難",8,40,36,45,受動,48,36,"状況:困窮状態, 状況:移行期, 力学:協力者あり"
水山蹇 六四,234,39,六四,往蹇来連。 （ゆけばけん、きたればつらなる。） 意味：進めば困難、戻れば連なり合う。,独力で困難を打開できない時。内向きに閉じこもるのではなく、戻って仲間と連携し、協力体制を築くことで、初めて解決の道が開ける。,勝ちパターン,1,"協力, 連携, 支援者",水山蹇,"協力, 支援者, 連携",75,25,48,35,受動,56,40,"状況:困窮状態, 状況:変革期, 力学:協力者なし"
水山蹇 九五,235,39,九五,大蹇朋来。 （たいけんにともきたる。） 意味：大いなる困難だが、友が来る。（吉）,最も深刻な困難の最中に、真に信頼できる友人や協力者（朋）が現れ、助けとなる。絶望的な状況に、希望の光が差し込む、劇的な好転。,大勝ちパターン,2,"救済, 友情, 支援, 危機脱出",水山蹇,"危機脱出, 友情, 吉, 支援, 救済",92,60,76,25,受動,12,72,"状況:困窮状態, 状況:絶頂期, 力学:協力者あり, 力学:順当な力関係"
水山蹇 上六,236,39,上六,往蹇来碩。吉。利見大人。 （ゆけばけん、きたればせき。きち。たいじんにみるによろし。） 意味：進めば困難、戻れば大いなるもの。吉。目上の人に会うのがよい。,長い困難の時期を耐え抜き、その経験を通じて、大きな成果や人間的な成長（碩）を得る。その徳が認められ、新たな活躍の道が開ける。,大勝ちパターン,2,"苦難の克服, 精神的成長, 大成",水山蹇,"出会い, 吉, 大成, 師事, 精神的成長, 苦難の克服",75,65,36,45,能動,44,46,"状況:困窮状態, 状況:終極期, 力学:協力者あり, アクション:専門家相談"
雷水解 初六,237,40,初六,无咎。 （とがなし。） 意味：咎められない。,困難な状況から抜け出すための、最初の正しい一歩。まだ大きな成果はないが、問題解決に向けたその行動自体は正しく、咎められない。,勝ちパターン,1,"第一歩, 解決の始まり, 積極性",雷水解,"問題なし, 積極性, 第一歩, 解決の始まり",75,55,48,45,能動,56,48,"状況:困窮状態, 状況:黎明期, 力学:下剋上リスク, 力学:協力者あり"
雷水解 九二,238,40,九二,田獲三狐。得黄矢。貞吉。 （でんにさんこをう。こうしをう。ていきち。） 意味：田で三匹の狐を捕らえる。黄色の矢を得る。正しくしていれば吉。,解決すべき具体的な問題（狐）を、公正な手段（黄矢）を用いて、的確かつ徹底的に排除する。その断固たる行動が、大きな成功を収める。,大勝ちパターン,2,"問題の排除, 断固たる行動, 正義",雷水解,"吉, 問題の排除, 断固たる行動, 正義",100,55,76,25,受動,8,70,"状況:安定期, 力学:協力者あり, 心理:正道堅持"
雷水解 六三,239,40,六三,負且乗。致寇至。貞凶。 （おいてかつのる。こうをいたすにいたる。ていはきょう。） 意味：荷物を背負い、かつ車に乗る。賊を招き寄せる。正しくても凶。,問題解決の過程で、自分の能力を過信し、分不相応な地位や振る舞いをする。その油断や傲慢さが、新たなトラブルや敵（寇）を引き寄せてしまう。,破滅パターン,-2,"傲慢, 油断, 身の程知らず",雷水解,"傲慢, 凶, 油断, 身の程知らず",8,25,24,85,受動,60,8,"状況:移行期, 力学:協力者なし, 心理:正道堅持"
雷水解 九四,240,40,九四,解而拇。朋至斯孚。 （そのぼをとき、ともいたりてまこととす。） 意味：足の親指を解き放つ。友が来て、真心がある。,自分の足かせとなっていた、不適切な仲間や、古いしがらみ（拇）を断ち切る。その結果、本当に信頼できる仲間（朋）が現れ、協力関係が築ける。,勝ちパターン,1,"悪縁を断つ, 決断, 信頼関係",雷水解,"信頼関係, 悪縁を断つ, 決断",75,40,68,25,受動,36,60,"状況:変革期, 力学:協力者あり, 力学:順当な力関係"
雷水解 六五,241,40,六五,君子維解。吉。有孚于小人。 （くんしただ解くことあり。きち。しょうじんにまことあり。） 意味：君子が解決する。吉。小人にも真心が伝わる。,リーダーが、賢明な判断と行動によって、困難な問題を解決に導く。その公正なやり方は、部下や大衆からも信頼され、組織全体に平和が戻る。,大勝ちパターン,2,"リーダーシップ, 問題解決, 信頼獲得",雷水解,"リーダーシップ, 信頼獲得, 吉, 問題解決",100,75,64,45,能動,36,64,"状況:困窮状態, 状況:絶頂期, 力学:下剋上リスク, 力学:協力者あり"
雷水解 上六,242,40,上六,公用射隼于高墉之上。獲之无不利。 （こうもってはやぶさをこうようのうえにいる。これをえてふりなきなし。） 意味：公が高い城壁の上の隼を射る。これを得れば不利なことはない。,組織や社会に潜む、根深い悪の元凶（隼）を、権威ある者（公）が断固として排除する。これにより、全ての問題が最終的に解決され、完全な安寧が訪れる。,大勝ちパターン,2,"根本解決, 最終的な勝利, 決断",雷水解,"凶, 最終的な勝利, 根本解決, 決断",83,35,32,55,受動,56,28,"状況:終極期, 力学:協力者なし"
山沢損 初九,243,41,初九,已事遄往。无咎。酌損之。 （ことをやみとくゆく。とがなし。これをくみてそんす。） 意味：事をやめて速やかに行く。咎めなし。減らすことを量り定める。,損失の兆候をいち早く察知し、迅速に対処する。無駄なものを減らすべきだと判断したら、躊躇なく行動に移す。その早期決断が、被害を最小限に抑える。,勝ちパターン,1,"早期決断, 迅速な対応, 損失削減",山沢損,"問題なし, 損失削減, 早期決断, 迅速な対応",75,55,60,25,能動,40,62,"状況:黎明期, 力学:協力者あり"
山沢損 九二,244,41,九二,利貞。征凶。弗損益之。 （ていによろし。ゆけばきょう。そんせずしてこれをえきす。） 意味：正しくして良い。進めば凶。損なうことなく益する。（※解釈テキストでは「貞吉。无咎」）,見せかけの飾りや無駄をなくすことで、実質的な価値や本質を強化する。コストをかけずに、あるいは損をすることなく、全体をより効率的に、より健全にすること。理想的な「損」。,大勝ちパターン,2,"効率化, 合理化, 無駄の排除",山沢損,"凶, 効率化, 合理化, 吉, 問題なし, 無駄の排除",92,80,56,65,能動,36,54,"状況:安定期, 力学:下剋上リスク, 力学:協力者あり, 心理:正道堅持"
山沢損 六三,245,41,六三,三人行則損一人。一人行則得其友。 （さんにんゆけばすなわちいちにんをそんす。いちにんゆけばすなわちそのともをう。） 意味：三人で行けば一人を損なう。一人で行けばその友を得る。,組織やチーム内の不和要素を、痛みを伴いながらも切り離す決断。不適切な関係を断ち切ることで、本当に価値ある協力者や仲間を得られる。,勝ちパターン,1,"痛みを伴う決断, 再構築, 関係の整理",山沢損,"再構築, 痛みを伴う決断, 関係の整理",58,40,36,45,受動,48,36,"状況:移行期, 力学:協力者あり"
山沢損 六四,246,41,六四,損其疾。使遄有喜。无咎。 （そのしつをそんす。はやからしめてよろこびあらしむ。とがなし。） 意味：その病を減らす。速やかに喜びがあるようにする。咎めなし。,組織や個人に蔓延する悪癖や非効率（病）を、その根本から取り除く。痛みを伴うが、迅速な治療が、早期の良い結果（喜び）に繋がる。,勝ちパターン,1,"根本治療, 自己改革, 問題解決",山沢損,"問題なし, 問題解決, 根本治療, 自己改革",75,40,60,25,受動,44,56,"状況:変革期, 力学:協力者あり"
山沢損 六五,247,41,六五,或益之。十朋之亀弗克違。元吉。 （あるいはこれをえきす。じっぽうのきもよくたがわず。げんきち。） 意味：あるいはこれを益する。十朋の亀も背けない。大いに吉。,これまでの自己犠牲的な努力や、賢明な削減が報われ、外部から大きな助けや予期せぬ利益がもたらされる。その徳により、最高の幸運を得る。,大勝ちパターン,2,"恩恵, 報われる努力, 信頼",山沢損,"信頼, 吉, 報われる努力, 恩恵",92,60,76,25,受動,12,72,"状況:絶頂期, 力学:協力者あり, 力学:順当な力関係"
山沢損 上九,248,41,上九,弗損益之。无咎。貞吉。…得臣无家。 （そんせずしてこれをえきす。とがなし。ていきち。…しんをえていえなし。） 意味：損なうことなく益する。咎めなし。正しくして吉。…家を持たない臣を得る。,究極の無私な貢献。自分の利益を損なうことなく、相手や全体に最大限の利益をもたらす。その高潔な姿勢が、私利私欲のない、真に忠実な協力者を引き寄せる。,大勝ちパターン,2,"無私な貢献, 大義, 普遍的価値",山沢損,"吉, 問題なし, 大義, 普遍的価値, 無私な貢献",75,55,36,45,能動,32,42,"状況:終極期, 力学:協力者あり, 心理:正道堅持"
風雷益 初九,249,42,初九,利用為大作。元吉。无咎。 （もってたいさくをなすによろし。げんきち。とがなし。） 意味：大いなる事業を行うのに良い。大いに吉。咎めなし。,利益を増やす初期段階。社会貢献など、より大きな目的のための事業に、大胆かつ意欲的に乗り出す。その志が正しければ、最高の幸運を得られる。,大勝ちパターン,2,"大事業, 積極性, 社会貢献",風雷益,"吉, 問題なし, 大事業, 社会貢献, 積極性",92,65,48,45,能動,56,52,"状況:黎明期, 力学:下剋上リスク, 力学:協力者あり"
風雷益 六二,250,42,六二,或益之。十朋之亀弗克違。永貞吉。 （あるいはこれをえきす。じっぽうのきもよくたがわず。えいていきち。） 意味：あるいはこれを益する。十朋の亀も背けない。永く正しければ吉。,自身の行動だけでなく、予期せぬ形で外部から大きな助けや利益がもたらされる。これまでの誠実な行いが報われ、揺るぎない信頼となっている状態。,大勝ちパターン,2,"恩恵, 信頼, 予期せぬ幸運",風雷益,"予期せぬ幸運, 信頼, 吉, 恩恵",100,55,76,25,受動,8,70,"状況:安定期, 力学:協力者あり, 心理:正道堅持"
風雷益 六三,251,42,六三,益之用凶事。无咎。有孚中行。… （これをえきするにきょうじをもちう。とがなし。まことありてちゅうこうす。…） 意味：凶事を利用して益する。咎めなし。真心をもって中庸を行く。,困難な状況や不幸な出来事（凶事）を、逆にチャンスとして活かし、利益に転換する。誠実さと公正さをもって対処すれば、咎められることはない。,勝ちパターン,1,"危機をチャンスに, 逆転の発想, 誠実",風雷益,"凶, 危機をチャンスに, 問題なし, 誠実, 逆転の発想",58,50,36,65,受動,48,32,"状況:困窮状態, 状況:移行期, 力学:協力者あり"
風雷益 六四,252,42,六四,中行告公。従。利用為依遷国。 （ちゅうこうしてこうにつぐ。したがう。もってくにをうつすによろし。） 意味：中庸を行い公に報告する。従う。国を移す（大きな変革）のに用いるのが良い。,組織の中核として、公正な立場で上層部（公）に進言し、信頼を得る。その提言が、組織全体をより良くするための、大きな改革へと繋がっていく。,勝ちパターン,1,"橋渡し, 信頼, 改革",風雷益,"信頼, 改革, 橋渡し",75,50,68,25,能動,48,64,"状況:変革期, 力学:協力者あり, 力学:順当な力関係"
風雷益 九五,253,42,九五,有孚恵心。勿問。元吉。… （まことありてけいしんあり。とうなかれ。げんきち。…） 意味：真心と恵み深い心がある。問う必要はない。大いに吉。,リーダーが、見返りを求めず、心からの思いやり（恵心）で、人々や社会に恩恵を与える。その無私の精神が、最高の幸運を引き寄せる、理想的な状態。,大勝ちパターン,2,"無私な貢献, 恵み深い心, リーダーシップ",風雷益,"リーダーシップ, 吉, 恵み深い心, 無私な貢献",100,75,76,25,能動,20,78,"状況:絶頂期, 力学:協力者あり"
風雷益 上九,254,42,上九,莫益之。或撃之。立心勿恒。凶。 （これをえきするものなし。あるいはこれをうつ。こころをたつることつねなるなかれ。きょう。） 意味：これを益する者がいない。あるいはこれを撃つ者もいる。心を常に保てない。凶。,利益を独り占めしようと、強欲で自己中心的な行動に走る。その結果、誰からも助けられず、逆に周囲から非難され、攻撃されて破滅する。,破滅パターン,-2,"強欲, 独り善がり, 孤立, 破滅",風雷益,"凶, 孤立, 強欲, 独り善がり, 破滅",8,55,36,65,能動,44,34,"状況:終極期, 力学:協力者あり"
沢天夬 初九,255,43,初九,壮于前趾。不勝為咎。… （そうをぜんしにす。かたずんばとがとなる。…） 意味：足の指に力がみなぎる。勝てなければ咎めとなる。,意欲に満ちているが、まだ準備不足の初期段階。この状態で性急に大きな行動を起こしても、力及ばず失敗し、咎めを受ける危険性が高い。,やや破滅パターン,-1,"勇み足, 準備不足, 軽率",沢天夬,"勇み足, 準備不足, 軽率",42,40,48,35,能動,52,46,"状況:黎明期, 力学:協力者なし, アクション:準備"
沢天夬 九二,256,43,九二,惕号。莫夜有戎。勿恤。 （てきごう。ばくやにじゅうあり。うれうることなかれ。） 意味：恐れ、叫ぶ。夜中に戦争があるかのように警戒する。心配することはない。,状況が進む中で、潜在的なリスクや困難の兆候を敏感に察知する。常に警戒心を保ち、備えを怠らなければ、大きな問題には至らない。,勝ちパターン,1,"警戒, 危機管理, 備え",沢天夬,"備え, 危機管理, 警戒",75,55,56,35,能動,32,56,"状況:困窮状態, 状況:安定期, 力学:協力者なし"
沢天夬 九三,257,43,九三,壮于頄。有凶。君子夬夬。…无咎。 （そうをきゅうにす。きょうあり。くんしかいかい。…とがなし。） 意味：頬骨に力がみなぎる（強引）。凶。君子は断固として決断する。…咎めはない。,独断的、強引な態度で物事を推し進めると、凶となる。しかし、君子が孤立を覚悟の上で、正しい決断を断行するならば、最終的に咎めはない。非常に困難な選択。,停滞・中立パターン,0,"決断, 孤立, 覚悟, 困難な選択",沢天夬,"凶, 問題なし, 困難な選択, 孤立, 決断, 覚悟",50,55,44,65,能動,48,38,"状況:困窮状態, 状況:移行期, 力学:協力者あり"
沢天夬 九四,258,43,九四,臀无膚。其行次且。…聞言不信。 （でんにふなし。そのゆきじしょ。…げんをきくもじんぜず。） 意味：尻に皮膚がない（落ち着かない）。その行動はためらう。…言葉を聞いても信じない。,重要な決断を迫られているにもかかわらず、優柔不断で行動に移せない。周囲の忠告にも耳を貸さず、疑心暗鬼に陥り、機会を逃してしまう。,やや破滅パターン,-1,"優柔不断, 停滞, 頑固",沢天夬,"停滞, 優柔不断, 頑固",33,40,40,35,能動,68,42,"状況:変革期, 力学:協力者なし"
沢天夬 九五,259,43,九五,莧陸夬夬。中行无咎。 （けんりくかいかい。ちゅうこうなればとがなし。） 意味：ヒユを抜き去るように決断する。中庸を行けば咎めなし。（※解釈テキストでは「中行无咎」が中心）,最高の立場にあるリーダーが、極端に走らず、中庸の精神に基づいて公平かつ適切な決断を下す。その賢明な判断が、組織を正しく導き、咎められることがない。,大勝ちパターン,2,"賢明な判断, リーダーシップ, 中庸",沢天夬,"リーダーシップ, 中庸, 問題なし, 賢明な判断",100,60,52,55,能動,48,48,"状況:絶頂期, 力学:下剋上リスク, 力学:協力者なし"
沢天夬 上六,260,43,上六,无号。終有凶。 （ごうなし。おわりにきょうあり。） 意味：叫び声もない。最終的に凶。,打ち破られるべき、最後の障害そのもの。あるいは、無謀な決断を下した者の末路。もはや助けもなく、抵抗する声さえ上げられず、完全に破滅する。,破滅パターン,-2,"破滅, 終焉, 孤立無援",沢天夬,"凶, 孤立無援, 破滅, 終焉",17,40,44,65,受動,44,32,"状況:終極期, 力学:協力者あり"
天風姤 初六,261,44,初六,繋于金柅。貞吉。… （きんじにつながる。ていきち。…） 意味：金のくさびに繋ぎ止める。正しくしていれば吉。,予期せぬ出会いや誘いに対し、すぐに飛びつかない。強い意志（金のくさび）で自らを律し、軽率な行動を避ける。その慎重さが、不必要なリスクを回避し、吉となる。,勝ちパターン,1,"自制, 慎重, 危険回避",天風姤,"危険回避, 吉, 慎重, 自制",67,40,60,25,受動,20,56,"状況:黎明期, 力学:協力者あり, 力学:順当な力関係, 心理:慎重, 心理:正道堅持"
天風姤 九二,262,44,九二,包有魚。无咎。不利賓。 （ほうにうおあり。とがなし。ひんにはふり。） 意味：包みに魚がある。咎めなし。客としてもてなすのは良くない。,価値ある出会いやチャンス（魚）に恵まれるが、まだそれを公にすべきではない。静かにその価値を認識し、慎重に関係を進めれば、咎めはない。,停滞・中立パターン,0,"潜在的な好機, 秘匿, 静観",天風姤,"問題なし, 潜在的な好機, 秘匿, 静観",58,65,56,35,能動,32,60,"状況:安定期, 力学:協力者なし, 心理:慎重"
天風姤 九三,263,44,九三,臀无膚。其行次且。厲无大咎。 （でんにふなし。そのゆきじしょ。あやういも、おおきなとがなし。） 意味：尻に皮膚がない（落ち着かない）。その行動はためらう。危ういが大きな咎めはない。,予期せぬ状況に、心が定まらず、進むべきか退くべきか迷っている。その中途半端な姿勢は危ういが、まだ決定的な過ちを犯していないため、致命傷には至らない。,やや破滅パターン,-1,"優柔不断, 葛藤, 不安定",天風姤,"リスクあり, 不安定, 優柔不断, 葛藤",33,40,32,70,能動,72,24,"状況:移行期, 力学:協力者なし"
天風姤 九四,264,44,九四,包无魚。凶。 （ほうにうおなし。きょう。） 意味：包みに魚がない。凶。（※解釈テキストでは「起凶」）,絶好の機会があったにもかかわらず、それを見逃したり、活かせなかったりした結果、何も得られない。周囲との連携を怠り、孤立したことによる失敗。,破滅パターン,-2,"機会損失, 孤立, 失敗",天風姤,"凶, 失敗, 孤立, 機会損失",17,55,52,45,能動,44,50,"状況:変革期, 力学:協力者あり"
天風姤 九五,265,44,九五,以杞包瓜。含章。有隕自天。 （きをもってうりをくるむ。しょうをふくむ。てんよりおつることあり。） 意味：杞の葉で瓜を包む。内に美徳を包む。天から落ちてくる。（吉）,見た目は目立たないが、内面に大きな価値（瓜）を持つ存在を見出し、それを大切に育む。その高潔な姿勢が、やがて天からの恵みのような、予期せぬ幸運を引き寄せる。,大勝ちパターン,2,"才能の発掘, 育成, 恩恵",天風姤,"内面の美徳, 吉, 恩恵, 才能の発掘, 才能を隠す, 時期を待つ, 育成, 貢献",100,60,64,35,能動,32,62,"状況:絶頂期, 力学:協力者なし"
天風姤 上九,266,44,上九,姤其角。吝。无咎。 （そのつのにあう。りん。とがなし。） 意味：その角で出会う。恥ずかしいが、咎めはない。,自分の力を過信し、傲慢な態度（角）で人と接する。そのため、誰からも相手にされず、孤立してしまう。恥ずべき状態だが、もはや誰にも影響を与えないため、大きな咎めはない。,やや破滅パターン,-1,"傲慢, 孤立, 対立",天風姤,"傲慢, 問題なし, 孤立, 対立",25,40,24,65,能動,68,22,"状況:終極期, 力学:協力者なし"
沢地萃 初六,267,45,初六,有孚不尽。乃乱乃萃。…一握為笑。…往无咎。 （まことありてつきず。すなわちみだれすなわちあつまる。…いちあくにしてわらいとなる。…ゆけばとがなし。） 意味：真心が尽くしきれない。乱れては集まる。…一握りで笑いとなる。…行けば咎めなし。,人々を集める初期段階。まだ信頼が不十分で混乱も生じるが、主催者側に真心があれば、やがて不安は解消され、笑顔で協力し合える関係が築ける。,勝ちパターン,1,"始まりの混乱, 信頼構築, 誠実",沢地萃,"信頼構築, 問題なし, 始まりの混乱, 誠実",67,40,52,25,能動,40,52,"状況:黎明期, 力学:協力者あり"
沢地萃 六二,268,45,六二,引吉。无咎。孚乃利用礜。 （ひけばきち。とがなし。まことあればすなわちやくをもちうるによろし。） 意味：引き寄せられて吉。咎めなし。真心があれば、小さな供え物でも用いられる。,優れたリーダーや、正しい目的の集まりに、自然な形で引き寄せられる。その流れに従うことで、幸運を得られる、理想的な参加の形。,大勝ちパターン,2,"導き, 幸運, 参加",沢地萃,"参加, 吉, 問題なし, 導き, 幸運",100,65,76,25,受動,20,74,"状況:安定期, 力学:協力者あり"
沢地萃 六三,269,45,六三,萃如嗟如。无攸利。往无咎。小吝。 （すいじょさじょ。りするところなし。ゆけばとがなし。しょうりん。） 意味：集まってもため息をつくばかり。利益がない。進めば咎はないが、少し恥ずかしい。,人は集まったものの、目的が曖昧だったり、疎外感を感じたりして、不満やため息が漏れる。このまま停滞すれば無益だが、自ら行動を起こせば、状況は打開できる。,やや破滅パターン,-1,"疎外感, 停滞, 不満",沢地萃,"不満, 停滞, 問題なし, 疎外感",25,35,32,65,受動,52,24,"状況:移行期, 力学:協力者なし, 力学:順当な力関係"
沢地萃 九四,270,45,九四,大吉。无咎。 （だいきち。とがなし。） 意味：大いに吉。咎められることはない。,組織やチームの中心人物として、人々をまとめ、大きな成果を上げる。結束力も信頼関係も最高潮に達しており、何をやってもうまくいく、絶好調の時。,大勝ちパターン,2,"最高の結束, 大成功, リーダーシップ",沢地萃,"リーダーシップ, 吉, 問題なし, 大成功, 最高の結束",83,55,52,25,能動,44,58,"状況:変革期, 力学:協力者あり"
沢地萃 九五,271,45,九五,萃有位。无咎。弗孚。元永貞。悔亡。 （すいにくらいあり。とがなし。まこととせられず。げんえいていなれば、くいほろぶ。） 意味：集まりの中に位がある。咎めなし。信頼されなくても、根本から長く正しくしていれば、悔いは消える。,リーダーとして、最初は完全な信頼を得られていないかもしれない。しかし、感情に流されず、常に公正な原則を貫き通すことで、最終的に人々からの信頼を勝ち取り、悔いをなくすことができる。,勝ちパターン,1,"公正なリーダー, 信頼回復, 忍耐",沢地萃,"信頼回復, 公正なリーダー, 問題なし, 忍耐",83,75,64,55,能動,24,60,"状況:絶頂期, 力学:下剋上リスク, 力学:協力者あり, 心理:内省, 心理:正道堅持"
沢地萃 上六,272,45,上六,齎咨涕洟。无咎。 （せいしてい。とがなし。） 意味：嘆き悲しみ、涙を流す。咎められることはない。（※解釈テキストでは「啼噓」）,賑やかだった集まりやプロジェクトが終わりを迎え、別れを惜しんで涙する。これは失敗ではなく、充実した時間の終わりを示す自然な感情であり、咎められることではない。,停滞・中立パターン,0,"終焉, 別れ, 感情の解放",沢地萃,"別れ, 問題なし, 感情の解放, 終焉",50,25,32,55,受動,56,24,"状況:終極期, 力学:協力者なし"
地風升 初六,273,46,初六,允升。大吉。 （いんしょう。だいきち。） 意味：信じられて昇る。大いに吉。（※解釈テキストでは「升于階」）,物事の始まりにおいて、一歩一歩、階段を上るように地道な努力を積み重ねる。その着実なスタートが、周囲の信頼を呼び、最高の幸運に繋がる。,大勝ちパターン,2,"始まり, 基礎固め, 着実な努力",地風升,"吉, 基礎固め, 始まり, 着実な努力",83,25,48,35,受動,56,40,"状況:黎明期, 力学:協力者なし, 力学:順当な力関係"
地風升 九二,274,46,九二,孚乃利用礜。无咎。 （まことあればすなわちやくをもちうるによろし。とがなし。） 意味：真心があれば、小さな供え物でも用いられる。咎めなし。,自分の能力を誇示せず、真心と誠実さをもって物事に取り組む。その姿勢が評価され、能力を活かす機会が与えられ、咎めなく物事が進む。,勝ちパターン,1,"誠実, 信頼, 地道な努力",地風升,"信頼, 問題なし, 地道な努力, 誠実",75,80,68,25,能動,20,76,"状況:安定期, 力学:協力者あり"
地風升 九三,275,46,九三,升虚邑。 （きょゆうにのぼる。） 意味：空っぽの町に昇る。,実質が伴わないまま、外見だけを拡大しようとする。計画性のないまま、ただ上を目指すと、やがて行き詰まり、虚しい結果に終わる。,やや破滅パターン,-1,"虚飾, 実質不足, 空回り",地風升,"実質不足, 空回り, 虚飾",33,55,32,65,能動,76,32,"状況:移行期, 力学:下剋上リスク, 力学:協力者あり"
地風升 六四,276,46,六四,王用亨于岐山。吉无咎。 （おうもってきざんにきょうす。きちにしてとがなし。） 意味：王が岐山で祭りを行うのに用いる。吉にして咎めなし。,地道な努力と実績が、組織のトップや影響力のある人物（王）に認められ、重要な役割に抜擢される。大きな成果を上げるチャンス。,大勝ちパターン,2,"抜擢, 承認, 功績",地風升,"功績, 吉, 問題なし, 承認, 抜擢",92,35,48,35,受動,56,44,"状況:変革期, 力学:協力者なし"
地風升 六五,277,46,六五,貞吉。升階。 （ていきち。かいにのぼる。） 意味：正しくして吉。階段を昇る。（※解釈テキストでは「貞升」）,倫理的に正しい方法で、着実に昇進や成功を収めている、安定した成長期。物事が順調に進み、確固たる地位を築くことができる。,勝ちパターン,1,"安定成長, 正道, 継続",地風升,"吉, 安定成長, 正道, 継続",75,60,68,25,受動,20,68,"状況:絶頂期, 力学:協力者あり, 心理:正道堅持"
地風升 上六,278,46,上六,冥升。利于不息之貞。 （めいしょう。ふそくのていによろし。） 意味：盲目的に昇る。休むことなく正しくしていれば良い。（※解釈テキストでは「不利不恒貞」）,成功の極みで、もはや周りが見えず、盲目的に上だけを目指している危険な状態。現状維持なら良いが、これ以上無理に進むと、転落の危険がある。,やや破滅パターン,-1,"行き過ぎ, 慢心, 暴走",地風升,"慢心, 暴走, 行き過ぎ",33,50,44,45,受動,44,44,"状況:終極期, 力学:協力者あり, 心理:正道堅持"
沢水困 初六,279,47,初六,臀困于株木。入于幽谷。三歳不覿。 （とんこんうしゅぼく。ゆうこくにいる。さんさいみず。） 意味：尻が切り株に困る。幽谷に入る。三年間も会えない。,困難の始まり。些細な問題が、長期的な停滞と孤立を招く。初期段階での誤った対処や放置が、深い困窮へと繋がることを示す。,破滅パターン,-2,"行き詰まり, 孤立, 長期停滞",沢水困,"孤立, 行き詰まり, 長期停滞",17,40,60,25,受動,32,56,"状況:困窮状態, 状況:黎明期, 力学:協力者あり, 力学:順当な力関係"
沢水困 九二,280,47,九二,困于酒食。朱黻方来。利用享祀。征凶。无咎。 （こんうしゅくしょく。しゅふつまさにきたる。もってきょうしをなすによろし。ゆけばきょう。とがなし。） 意味：酒食に困る。赤い祭服の者が来る。祭祀に用いるのが良い。進めば凶。咎めなし。,物質的に困窮し、表面的な誘惑に惹かれやすい。しかし、それに頼らず、内なる精神性や誠実さを保ち、無理に進まなければ、咎めを免れる。,停滞・中立パターン,0,"忍耐, 精神性, 誘惑への抵抗",沢水困,"凶, 問題なし, 忍耐, 精神性, 誘惑への抵抗",58,65,44,75,能動,60,38,"状況:困窮状態, 状況:安定期, 力学:下剋上リスク, 力学:協力者なし"
沢水困 六三,281,47,六三,困于石。拠于蒺藜。…不见其妻。凶。 （こんうせき。しつりによる。…そのさいをみず。きょう。） 意味：石に困る。イバラの上にいる。…妻に会えない。凶。,進退両難の極み。物理的にも精神的にも、全く身動きが取れず、がんじがらめの状態。信頼できる支えも失い、孤立無援に陥る。,破滅パターン,-2,"進退両難, 孤立無援, 絶望",沢水困,"凶, 孤立無援, 絶望, 進退両難",8,25,32,75,受動,52,16,"状況:困窮状態, 状況:移行期, 力学:協力者なし, 力学:順当な力関係"
沢水困 九四,282,47,九四,来徐徐。困于金車。吝。有終。 （きたることじょじょ。きんしゃにくるしむ。りん。おわりあり。） 意味：ゆっくりとやって来る。金の車に困る。恥ずかしいが、終わりはある。,困難から抜け出すプロセスは非常に遅い。その過程で、新たな制約や課題に直面し、恥ずかしい思いもするが、粘り強く続ければ、最終的には良い結末を迎えられる。,停滞・中立パターン,0,"忍耐, 慎重, 粘り強さ",沢水困,"忍耐, 慎重, 粘り強さ",50,55,52,35,能動,44,54,"状況:困窮状態, 状況:変革期, 力学:協力者あり"
沢水困 九五,283,47,九五,劓刖。困于赤紱。乃徐有説。利用祭祀。 （げいげつ。せきふつにくるしむ。すなわちじょじょにときあり。もってさいしをなすによろし。） 意味：鼻と足を切られる。赤い祭服の者に困る。徐々に解放される。祭祀に用いるのが良い。,問題解決のため、極度の犠牲や苦痛を強いられる。しかし、その最大の苦難を乗り越えることで、精神的に浄化され、状況は解放へと向かう。,勝ちパターン,1,"犠牲, 解放, 苦難の克服",沢水困,"犠牲, 苦難の克服, 解放",83,70,52,55,能動,48,52,"状況:困窮状態, 状況:絶頂期, 力学:下剋上リスク, 力学:協力者なし"
沢水困 上六,284,47,上六,困于葛藟。于臲卼。…悔有悔。征吉。 （こんうかつるい。げつごつにあり。…くいありてくいす。ゆけばきち。） 意味：クズのつるに絡まって困る。不安定だ。…悔い改めれば、進んで吉。,長い困窮の時期が終わり、解放され始める。まだ不安定で、過去のしがらみは残るが、これまでの経験を教訓とし、慎重に未来へ進めば、良い結果に繋がる。,勝ちパターン,1,"反省, 軌道修正, 再出発",沢水困,"再出発, 反省, 吉, 軌道修正",67,25,32,65,能動,56,20,"状況:困窮状態, 状況:終極期, 力学:協力者なし, 心理:内省, 心理:慎重"
水風井 初六,285,48,初六,井泥不食。旧井无禽。 （せいれいしょくせず。きゅうせいきんなし。） 意味：井戸の泥水は飲めない。古い井戸には鳥も来ない。,組織やシステムが、手入れを怠ったために完全に機能不全に陥っている。誰からも見向きもされない、価値を失った状態。,破滅パターン,-2,"機能不全, 放置, 価値の喪失",水風井,"価値の喪失, 放置, 機能不全",17,25,48,35,受動,44,40,"状況:黎明期, 力学:協力者なし, 力学:順当な力関係"
水風井 九二,286,48,九二,井谷射鮒。甕敝漏。 （せいこくしゃふ。おうやぶれてもる。） 意味：井戸の底でフナを射る。甕が破れて水が漏れる。,供給能力が不足し、提供できるものの質も低い。さらに、方法が非効率なため、貴重な資源や労力を無駄にしている状態。,やや破滅パターン,-1,"非効率, 資源不足, 無駄な努力",水風井,"無駄な努力, 資源不足, 非効率",42,55,56,35,能動,32,56,"状況:安定期, 力学:協力者なし"
水風井 九三,287,48,九三,井渫不食。為我心惻。…可用汲。… （せいせつしょくせず。わがこころをいたましむ。…もってくむべし。…） 意味：井戸を清掃しても飲めない。心が痛む。…汲むことはできるのに。,問題を改善し、質の高いものを提供できる状態にはなったが、それが誰にも活用されず、機会損失となっている。非常にもどかしい状況。,停滞・中立パターン,0,"機会損失, 未活用, リーダーシップの不在",水風井,"リーダーシップの不在, 未活用, 機会損失",50,55,32,65,能動,64,32,"状況:移行期, 力学:下剋上リスク, 力学:協力者あり"
水風井 六四,288,48,六四,井甃。无咎。 （せいしゅう。とがなし。） 意味：井戸をレンガで整備する。咎められることはない。,供給システムやサービスの基盤を、より堅固で安定したものにするための、着実な改善を行っている。この地道な努力は正しく、咎められない。,勝ちパターン,1,"基盤強化, メンテナンス, 改善",水風井,"メンテナンス, 問題なし, 基盤強化, 改善",75,25,56,35,受動,48,44,"状況:変革期, 力学:協力者なし, 力学:順当な力関係"
水風井 九五,289,48,九五,井冽寒泉。食。 （せいれつかんせん。しょくす。） 意味：井戸の水が清らかで冷たい。飲める。,安定して、非常に質の高い製品やサービスを提供できている、理想的な状態。その恩恵は広く人々に行き渡り、喜ばれている。,大勝ちパターン,2,"最高品質, 安定供給, 理想的な状態",水風井,"安定供給, 最高品質, 理想的な状態",100,60,52,55,能動,48,48,"状況:絶頂期, 力学:下剋上リスク, 力学:協力者なし"
水風井 上六,290,48,上六,井収勿幕。有孚元吉。 （せいおさめてまくするなかれ。まことあればげんきち。） 意味：井戸を汲み、蓋をしない。真心があれば大いに吉。,井戸の水を独り占めせず、常に開かれた状態で、必要な人々に広く恩恵を提供し続ける。その無私の貢献精神が、最高の幸運を招く。,大勝ちパターン,2,"無私な貢献, 共有, 公共の利益",水風井,"公共の利益, 共有, 吉, 無私な貢献",83,40,44,45,受動,44,40,"状況:終極期, 力学:協力者あり"
沢火革 初九,291,49,初九,鞏用黄牛之革。 （きょうにこうぎゅうのかわをもちう。） 意味：黄牛の革で固く縛りつける。,変革の必要性を感じても、まだ準備が不十分な初期段階。軽率な行動を厳しく律し、機が熟すのを待つべき時。今は動かず、足元を固める。,停滞・中立パターン,0,"抑制, 準備, 時機を待つ",沢火革,"抑制, 時機を待つ, 準備",58,40,36,55,能動,80,32,"状況:変革期, 状況:黎明期, 力学:下剋上リスク, 力学:協力者なし, アクション:準備"
沢火革 六二,292,49,六二,巳日乃革之。征吉。无咎。 （きじつすなわちこれをあらたむ。ゆけばきち。とがなし。） 意味：適切な日が来て、これを革める。進んで吉。咎めなし。,準備が整い、機運が熟した最高のタイミングで、変革に着手する。多くの支持を得て、計画はスムーズに進展し、大きな成功を収める。,大勝ちパターン,2,"絶好の機会, 実行, 成功",沢火革,"吉, 問題なし, 実行, 成功, 絶好の機会",100,55,84,25,能動,24,74,"状況:変革期, 状況:安定期, 力学:協力者あり, 力学:順当な力関係, アクション:準備"
沢火革 九三,293,49,九三,征凶。貞厲。革言三就。有孚。 （ゆけばきょう。ていあやうし。かくげんさんにつく。まことあり。） 意味：進めば凶。正しくても危うい。変革の言葉を三度熟考すれば、真心がある。,状況判断を誤り、焦って性急に変革を進めようとすると、大きな失敗や混乱を招く。独断専行は絶対に避けるべき、最悪のタイミング。,破滅パターン,-2,"時期尚早, 独断専行, 失敗",沢火革,"リスクあり, 凶, 失敗, 時期尚早, 独断専行",17,55,44,80,能動,48,32,"状況:変革期, 状況:移行期, 力学:協力者あり, 心理:正道堅持"
沢火革 九四,294,49,九四,悔亡。有孚。改命吉。 （くいほろぶ。まことあり。めいをあらたむるはきち。） 意味：悔いがなくなる。真心がある。命令（方針）を改めれば吉。,これまでの困難を乗り越え、変革が軌道に乗る。旧来のやり方を、新しい効果的な方針に転換することで、過去の後悔が消え、成功を確実にする。,大勝ちパターン,2,"改革成功, 信頼回復, 新体制",沢火革,"信頼回復, 吉, 改革成功, 新体制",83,40,40,45,能動,56,38,"状況:困窮状態, 状況:変革期, 力学:協力者なし, 心理:内省"
沢火革 九五,295,49,九五,大人虎変。未占有孚。 （たいじんこへんす。いまだうらなわずしてまことあり。） 意味：大人が虎のように変わる。占うまでもなく真心がある。,リーダーが自ら率先して、虎の模様のように鮮やかに、劇的な自己変革を遂げる。その姿が周囲の模範となり、絶対的な信頼を得る、理想的なリーダーシップ。,大勝ちパターン,2,"カリスマ, リーダーシップ, 劇的な変化",沢火革,"カリスマ, リーダーシップ, 劇的な変化",100,85,64,45,能動,36,68,"状況:変革期, 状況:絶頂期, 力学:下剋上リスク, 力学:協力者あり"
沢火革 上六,296,49,上六,君子豹変。小人革面。征凶。居貞吉。 （くんしひょうへんす。しょうじんめんをあらたむ。ゆけばきょう。ていにいればきち。） 意味：君子は豹のように変わる。小人は態度を変える。進めば凶。留まれば吉。,大規模な改革が一段落した後の段階。再び性急な変化を求めず、改革の成果を定着させ、維持することに注力すべき時。現状維持が吉となる。,停滞・中立パターン,0,"安定化, 仕上げ, 現状維持",沢火革,"仕上げ, 凶, 吉, 安定化, 現状維持",50,40,44,65,受動,44,32,"状況:変革期, 状況:終極期, 力学:協力者あり, 心理:正道堅持"
火風鼎 初六,297,50,初六,鼎顛趾。利出否。得妾以其子。无咎。 （ていてんし。ひをいだすによろし。しょうをそのこをもってう。とがなし。） 意味：鼎がひっくり返る。悪いものを出すのが良い。妾を娶りその子を得る。咎めなし。,組織や計画の立ち上げ期。基盤が不安定で、まず古い悪い要素を排除する必要がある。時には非正規な手段も必要だが、目的が正しければ咎められない。,停滞・中立パターン,0,"基盤の不安定さ, 問題の排除, 始まり",火風鼎,"問題なし, 問題の排除, 基盤の不安定さ, 始まり",50,50,60,25,受動,44,60,"状況:停滞期, 状況:黎明期, 力学:協力者あり, 力学:順当な力関係"
火風鼎 九二,298,50,九二,鼎有実。我仇有疾。不我能即。吉。 （ていにじつあり。わがあだにやまいあり。われにつくことあたわず。きち。） 意味：鼎に実がある。我が敵に病がある。私を害せない。吉。,組織やプロジェクトに、技術や人材といった本質的な内容（実）が充実している状態。その実力により、競合相手を寄せ付けず、安定した地位を築ける。,勝ちパターン,1,"実力, 内容の充実, 競争力",火風鼎,"内容の充実, 吉, 実力, 競争力",75,70,68,25,能動,20,72,"状況:安定期, 力学:協力者あり"
火風鼎 九三,299,50,九三,鼎耳革。其行塞。…終吉。 （ていじかく。そのこうふさがる。…おわりにきち。） 意味：鼎の耳が取れる。その行動は行き詰まる。…最終的には吉。,外部との連携やコミュニケーションがうまくいかず、一時的に孤立し、物事が停滞する。しかし、内部の問題を改善すれば、最終的には良い結果に繋がる。,停滞・中立パターン,0,"コミュニケーション不全, 停滞, 内部改革",火風鼎,"コミュニケーション不全, 停滞, 内部改革, 吉",50,40,32,55,能動,72,30,"状況:変革期, 状況:移行期, 力学:協力者なし"
火風鼎 九四,300,50,九四,鼎折足。覆公餗。其形渥。凶。 （ていせっそく。こうしょくをおおう。そのかたちあく。きょう。） 意味：鼎の足が折れる。公のご馳走をひっくり返す。その様は醜い。凶。,組織の根幹を支える重要な人材や資金、技術（足）が破綻する。全体が崩壊し、これまでの成果を全て台無しにする、取り返しのつかない大失敗。,破滅パターン,-2,"崩壊, 大失敗, 責任問題",火風鼎,"凶, 大失敗, 崩壊, 責任問題",17,55,40,65,能動,60,36,"状況:変革期, 力学:下剋上リスク, 力学:協力者あり"
火風鼎 六五,301,50,六五,鼎黄耳金鉉。利貞。 （ていこうじきんげん。ていによろし。） 意味：鼎に黄色い耳と金のつる。正しくして良い。（※解釈テキストでは「鼎黄耳。亨。貞吉」）,リーダーが公正で偏りのない態度（黄）で人々をまとめ、深い信頼（耳）を得ている。組織全体が健全に機能し、持続的な発展が見込める理想的な状態。,大勝ちパターン,2,"賢明なリーダー, 公正, 信頼",火風鼎,"信頼, 公正, 吉, 賢明なリーダー",92,70,76,25,受動,0,76,"状況:絶頂期, 力学:協力者あり, 力学:順当な力関係, 心理:正道堅持"
火風鼎 上九,302,50,上九,鼎玉鉉。大吉。无不利。 （ていぎょくげん。だいきち。ふりなきなし。） 意味：鼎に玉のつる。大いに吉。不利なことはない。,組織やプロジェクトが最高の状態で完成し、その存在そのものが、宝石（玉）のように普遍的で、精神的な価値を持つに至る。究極の成功。,大勝ちパターン,2,"究極の完成, 普遍的価値, 栄誉",火風鼎,"吉, 普遍的価値, 栄誉, 究極の完成",75,50,24,55,能動,56,30,"状況:終極期, 力学:協力者なし"
震為雷 初九,303,51,初九,震来虩虩。後笑言哑哑。吉。 （しんきたりてげきげき。のちにしょうげんああ。きち。） 意味：雷が来ておびえる。後にはにこやかに談笑する。吉。,予期せぬ衝撃に最初は混乱し、怯える。しかし、冷静に対処し、乗り越えることで、最終的には安心感と自信を得て、笑い話にできる。,勝ちパターン,1,"衝撃, 冷静な対応, 克服",震為雷,"克服, 冷静な対応, 吉, 衝撃",75,40,36,55,能動,68,32,"状況:黎明期, 力学:下剋上リスク, 力学:協力者なし"
震為雷 六二,304,51,六二,震来厲。億喪貝。躋于九陵。勿逐。七日得。 （しんきたりてあやうし。おくそうかい。きゅうりゅうにのぼる。おうなかれ。しちじつう。） 意味：雷が来て危うい。財産を失う。高い丘に登る。追うな。七日で取り戻せる。,衝撃的な出来事によって、大きな損害を被る。しかし、焦って損失を取り戻そうとせず、冷静に安全な場所で待機すれば、いずれ回復できる。,停滞・中立パターン,0,"損失, 忍耐, 危機",震為雷,"リスクあり, 危機, 忍耐, 損失",67,40,64,50,受動,32,48,"状況:安定期, 力学:協力者なし"
震為雷 六三,305,51,六三,震蘇蘇。震行无眚。 （しんそそ。しんとしてゆけばわざわいなし。） 意味：雷が来て恐れおののく。震えながらも行動すれば災いはない。,極度の恐怖や不安に囚われ、行動をためらってしまう。しかし、その恐れを乗り越え、勇気を出して一歩踏み出せば、災いを避けることができる。,勝ちパターン,1,"覚醒, 行動力, 危機対応",震為雷,"危機対応, 行動力, 覚醒",58,25,32,55,能動,64,24,"状況:移行期, 力学:協力者なし, 力学:順当な力関係"
震為雷 九四,306,51,九四,震遂泥。 （しんついでい。） 意味：雷が泥沼に落ちる。,衝撃的な出来事の後、混乱した状況から抜け出せず、身動きが取れない泥沼の状態に陥る。エネルギーが空転し、何の進展もない。,破滅パターン,-2,"泥沼, 停滞, 無力",震為雷,"停滞, 泥沼, 無力",17,40,28,55,能動,72,28,"状況:変革期, 力学:下剋上リスク, 力学:協力者なし"
震為雷 六五,307,51,六五,震往来厲。億无喪。有事。 （しんおうらいあやうし。おくそうなし。ことあり。） 意味：雷が行き来して危うい。億万を失わない。仕事がある。（※解釈テキストでは「中心勿動」）,困難な状況が続くが、その中でこそ、内面的な平静と堅固な意志を保つ。外部の混乱に惑わされず、冷静に対処することで、危機を乗り越える。,勝ちパターン,1,"不動心, 精神力, 困難の継続",震為雷,"リスクあり, 不動心, 困難の継続, 精神力",75,45,56,50,能動,44,46,"状況:困窮状態, 状況:絶頂期, 力学:協力者なし"
震為雷 上六,308,51,上六,震索索。視矍矍。征凶。… （しんさくさく。しきょくきょく。ゆけばきょう。…） 意味：雷が来て疲弊する。目は驚いて落ち着かない。進めば凶。,長く続いた衝撃や混乱が終わりつつあるが、心身ともに極度に疲弊している。この状態で焦って新たな行動に移ると、かえって失敗を招く。,やや破滅パターン,-1,"疲弊, 消耗, 休息が必要",震為雷,"休息が必要, 凶, 消耗, 疲弊",33,25,32,75,能動,68,16,"状況:終極期, 力学:協力者なし"
艮為山 初六,309,52,初六,艮其趾。无咎。利永貞。 （そのしをげんす。とがなし。えいていによろし。） 意味：その足の指で止まる。咎めなし。永く正しくしていればよい。,物事の始まり。焦って行動せず、まず足元で一旦立ち止まる。その慎重な第一歩が、後の過ちを防ぎ、咎められない良いスタートとなる。,勝ちパターン,1,"慎重, 始まり, 自己抑制",艮為山,"問題なし, 始まり, 慎重, 自己抑制",75,50,36,55,能動,56,36,"状況:黎明期, 力学:下剋上リスク, 力学:協力者なし, 心理:慎重, 心理:正道堅持"
艮為山 六二,310,52,六二,艮其腓。不拯其随。其心不快。 （そのひをげんす。そのずいをすくわず。そのこころふかい。） 意味：そのふくらはぎで止まる。その追随するものを救えない。その心は不快。,行動を止めようとするが、意志が弱く、周囲に引きずられて完全に止まることができない。思うように自己を律せず、内心で不満を感じる状態。,やや破滅パターン,-1,"葛藤, 不完全, 不満",艮為山,"不完全, 不満, 葛藤",50,40,64,35,受動,32,54,"状況:安定期, 力学:協力者なし"
艮為山 九三,311,52,九三,艮其限。列其夤。厲薰心。 （そのげんをげんす。そのいんをれつす。あやうくこころをやく。） 意味：その限界で止まる。背骨が裂けるように。危うく心が焼け付く。,自己抑制が極限に達し、精神的、物理的な限界を感じる。無理な我慢によって心身が疲弊し、感情が爆発する危険性もある、非常に苦しい状態。,破滅パターン,-2,"限界, 苦痛, 危険",艮為山,"リスクあり, 危険, 苦痛, 限界",8,25,32,70,受動,52,18,"状況:移行期, 力学:協力者なし, 力学:順当な力関係"
艮為山 六四,312,52,六四,艮其身。无咎。 （そのみをげんす。とがなし。） 意味：その身全体で止まる。咎めはない。,外部の誘惑や内なる感情に流されず、自分の全身（行動、思考、感情）を完全に抑制し、静止する。無益な争いから身を守る、賢明な状態。,勝ちパターン,1,"自己制御, 冷静, 内省",艮為山,"内省, 冷静, 問題なし, 自己制御",67,40,28,55,能動,72,28,"状況:変革期, 力学:下剋上リスク, 力学:協力者なし"
艮為山 六五,313,52,六五,艮其輔。言有序。悔亡。 （そのほをげんす。げんにじょあり。くいほろぶ。） 意味：その顎（言葉）で止まる。言葉に秩序がある。悔いがなくなる。,不用意な発言や無益な議論を避け、言葉を慎重に選ぶ。その冷静で的確な言葉遣いが、周囲からの信頼を得て、後悔のない結果を生む。,大勝ちパターン,2,"言葉の抑制, 信頼, 慎重な発言",艮為山,"信頼, 慎重な発言, 言葉の抑制",92,45,56,45,受動,32,48,"状況:絶頂期, 力学:協力者なし, 心理:内省, 心理:慎重"
艮為山 上九,314,52,上九,敦艮。吉。 （とんげん。きち。） 意味：篤く止まる。吉。,外部の状況に全く左右されず、完全に心穏やかで、精神的に充実した最高の静止状態。世俗的な欲望を超越した、究極の境地。,大勝ちパターン,2,"精神的充実, 完成, 泰然自若",艮為山,"吉, 完成, 泰然自若, 精神的充実",83,25,32,55,受動,56,24,"状況:終極期, 力学:協力者なし"
風山漸 初六,315,53,初六,鴻漸于干。小子厲。有言。无咎。 （こうぜんうかん。しょうしあやうし。げんあり。とがなし。） 意味：鴻が水辺に進む。若者は危ういが、言葉があれば咎めなし。,物事の始まり。まず安全な場所で足場を固める。未熟な者は危険だが、指導者の適切な助言があれば、問題なくスタートを切れる。,停滞・中立パターン,0,"始まり, 慎重, 指導",風山漸,"リスクあり, 問題なし, 始まり, 慎重, 指導",58,40,48,50,能動,52,40,"状況:黎明期, 力学:協力者なし"
風山漸 六二,316,53,六二,鴻漸于磐。飲食衎衎。吉。 （こうぜんうばん。いんしょくかんかん。きち。） 意味：鴻が磐石に進む。飲食して楽しむ。吉。,初期の準備が実を結び、強固で安定した基盤を築き上げた状態。仲間と共に成果を分かち合い、喜びを享受できる、非常に幸運な時期。,大勝ちパターン,2,"安定, 基盤確立, 共有",風山漸,"共有, 吉, 基盤確立, 安定",92,70,56,45,能動,36,58,"状況:安定期, 力学:下剋上リスク, 力学:協力者あり, アクション:準備"
風山漸 九三,317,53,九三,鴻漸于陸。夫征不復。婦孕不育。凶。… （こうぜんうりく。おっとゆきてふくせず。ふはらみていくせず。きょう。…） 意味：鴻が陸地に進む。夫は出かけて戻らず、妻は妊娠しても育てられない。凶。,順調な中で、自分の能力を過信し、危険で不適切な場所へ進んでしまう。その無謀な行動が、取り返しのつかない失敗や、将来の破綻を招く。,破滅パターン,-2,"無謀, 危険な選択, 破綻",風山漸,"凶, 危険な選択, 無謀, 破綻",8,25,32,75,能動,64,16,"状況:移行期, 力学:協力者なし, 力学:順当な力関係"
風山漸 六四,318,53,六四,鴻漸于木。或得其桷。无咎。 （こうぜんうぼく。あるいはそのかくをう。とがなし。） 意味：鴻が木に進む。あるいは平らな枝を得る。咎めはない。,一時的な調整期間を経て、より安全で安定した場所へ移る。次の大きな飛躍に備え、適切な足場を確保する、賢明な判断。,勝ちパターン,1,"準備期間, 足場固め, 賢明な判断",風山漸,"問題なし, 準備期間, 賢明な判断, 足場固め",67,40,28,55,能動,72,28,"状況:変革期, 力学:下剋上リスク, 力学:協力者なし"
風山漸 九五,319,53,九五,鴻漸于陵。婦三歳不孕。終莫之勝。吉。 （こうぜんうりょう。ふさんさいはらまず。おわりにこれにかつものなし。きち。） 意味：鴻が丘に進む。妻は三年間妊娠しない。最終的には打ち勝つ。吉。,最高の地位に到達するが、そこでは一時的に成果が出ない、忍耐の時期が伴う。しかし、その試練を乗り越えれば、最終的に誰もが認める勝利を収める。,勝ちパターン,1,"試練, 忍耐, 最終的な勝利",風山漸,"吉, 忍耐, 最終的な勝利, 試練",75,60,68,25,受動,20,68,"状況:絶頂期, 力学:協力者あり, 心理:忍耐"
風山漸 上九,320,53,上九,鴻漸于逵。其羽可用為儀。吉。 （こうぜんうき。そのはねもってぎとなすべし。きち。） 意味：鴻が天空に昇る。その羽は儀式に用いることができる。吉。,長年の努力が完全に実を結び、目標が達成される。その功績や生き様が、広く社会の模範となり、尊敬を集める、最高の完成形。,大勝ちパターン,2,"完成, 模範, 栄誉",風山漸,"吉, 完成, 栄誉, 模範",83,25,32,55,能動,56,24,"状況:終極期, 力学:協力者なし"
雷沢帰妹 初九,321,54,初九,帰妹以娣。跛能履。征吉。 （きまいしていをもってす。はよくふむ。ゆけばきち。） 意味：妹を副妻として嫁がせる。足が不自由でも歩ける。進んで吉。,正統ではない、少し無理のある形でのスタート。不完全な状況でも、それをわきまえた上で、慎重に進めば、当面の目的は達成できる。,勝ちパターン,1,"不完全なスタート, 次善の策, 前進",雷沢帰妹,"不完全なスタート, 前進, 吉, 次善の策",67,25,40,35,能動,64,36,"状況:黎明期, 力学:協力者なし, 心理:慎重"
雷沢帰妹 九二,322,54,九二,眇能視。利幽人之貞。 （びょうよくみる。ゆうじんのていによろし。） 意味：片目でも物を見る。隠遁者の正しさが良い。,限られた情報しかなく、全体を見通せていない状態。この状況で下手に動くよりは、静かに自分の本分を守り、状況を静観する方が賢明である。,停滞・中立パターン,0,"自己認識, 静観, 慎重",雷沢帰妹,"慎重, 自己認識, 静観",67,65,84,25,受動,0,78,"状況:安定期, 力学:協力者あり, 力学:順当な力関係, 心理:正道堅持"
雷沢帰妹 六三,323,54,六三,帰妹以須。反帰以娣。 （きまいじしゅをもってす。かえりてていをもってかえる。） 意味：（無理に）待たせて嫁がせる。戻って副妻を伴う。,軽はずみな約束や行動が原因で、関係がこじれ、混乱している。当初の計画が頓挫し、不適切な妥協や、さらなる混乱を招く修正を余儀なくされる。,やや破滅パターン,-1,"低い評価, 停滞, 不満",雷沢帰妹,"不満, 低い評価, 停滞",33,40,20,75,受動,76,16,"状況:移行期, 力学:下剋上リスク, 力学:協力者なし"
雷沢帰妹 九四,324,54,九四,帰妹愆期。遅帰有時。 （きまいきをあやまる。おくれてかえるにときあり。） 意味：嫁ぐ時期を誤る。遅れて嫁ぐ時がある。（※解釈テキストでは「帰妹牖」）,正式なルートではなく、水面下で関係性を進める。物事がスムーズに進まず時間はかかるが、焦らず慎重に進めれば、大きな問題にはならない。,停滞・中立パターン,0,"非公式ルート, 時間がかかる, 忍耐",雷沢帰妹,"忍耐, 時間がかかる, 非公式ルート",58,25,56,35,受動,48,44,"状況:変革期, 力学:協力者なし, 力学:順当な力関係, 心理:慎重"
雷沢帰妹 六五,325,54,六五,帝乙帰妹。其君之袂。不如其娣之袂良。… （ていいつきまい。そのくんのたもと、そのていのたもとのよきにしかず。…） 意味：帝乙が妹を嫁がせる。その君主の袖は、副妻の袖ほど良くない。,高い地位にあるリーダーが、外見的な華やかさや地位にこだわりすぎ、内面的な実質や誠実さを軽んじてしまう。その結果、かえって失敗を招く危険性。,やや破滅パターン,-1,"虚飾, 本質軽視, 判断ミス",雷沢帰妹,"判断ミス, 本質軽視, 虚飾",50,75,76,25,能動,20,78,"状況:絶頂期, 力学:協力者あり"
雷沢帰妹 上六,326,54,上六,女承筐无實。士刲羊无血。 （じょきょうをうけてじつなし。しようをえぐりてちなし。） 意味：女は籠を受けるが中身はなく、士は羊を裂くが血が出ない。（※解釈テキストでは「无實」）,中身や本質が伴わない、見せかけだけの関係性や行動の末路。最終的に全てが破綻し、何の価値も生み出さない、空虚な結末。,破滅パターン,-2,"空虚, 破綻, 無意味",雷沢帰妹,"無意味, 破綻, 空虚",8,40,24,55,能動,68,26,"状況:終極期, 力学:協力者なし"
雷火豊 初九,327,55,初九,遇其配主。雖旬无咎。往有尚。 （そのはいしゅにあう。じゅんといえどもとがなし。ゆけばたっとばるることあり。） 意味：その良き相手に出会う。十日（対等）でも咎めなし。進めば賞賛される。,繁栄の始まりにおいて、能力と志を同じくする、最高のパートナーと出会う。迅速に協力関係を築き、共に行動することで、大きな成功と賞賛を得られる。,大勝ちパターン,2,"パートナーシップ, 最高の出会い, 始まり",雷火豊,"パートナーシップ, 問題なし, 始まり, 最高の出会い",92,40,36,55,能動,80,32,"状況:黎明期, 力学:下剋上リスク, 力学:協力者なし"
雷火豊 六二,328,55,六二,豊其蔀。日中見斗。…有孚発若吉。 （ほうきほう。にっちゅうにとをみる。…まことあればひらけばきち。） 意味：その覆いが豊か。真昼に北斗七星が見える。…真心があれば発して吉。,表面上は豊かだが、問題が隠蔽され、真実が見えにくい不透明な状況。周囲から疑われるが、真心をもって誠実に対応し、情報を開示すれば、事態は好転する。,勝ちパターン,1,"不透明さ, 疑念, 誠実, 問題解決",雷火豊,"不透明さ, 吉, 問題解決, 疑念, 誠実",83,40,72,35,受動,24,58,"状況:安定期, 力学:協力者なし, 力学:順当な力関係"
雷火豊 九三,329,55,九三,豊其沛。日中見昧。折其右肱。无咎。 （ほうきはい。にっちゅうにまいをみる。そのゆうこうをおる。とがなし。） 意味：その覆いが大きい。真昼に暗闇を見る。その右腕を折る。咎めなし。,繁栄の陰で、問題や不正を隠そうとした結果、組織の重要な人材や機能（右腕）を損なう。痛みを伴うが、膿を出すことで、これ以上の咎めは免れる。,停滞・中立パターン,0,"犠牲, 損失, 危機管理",雷火豊,"危機管理, 問題なし, 損失, 犠牲",50,55,44,45,能動,48,46,"状況:移行期, 力学:協力者あり"
雷火豊 九四,330,55,九四,豊其蔀。日中見斗。遇其夷主。吉。 （ほうきほう。にっちゅうにとをみる。そのいしゅにあう。きち。） 意味：その覆いが豊か。真昼に北斗七星を見る。その平等な主君に出会う。吉。,不透明で混乱した状況の中で、公正な視点を持つ、信頼できるリーダーや協力者（夷主）と出会う。その助けによって、問題解決の糸口が見つかり、状況は好転する。,勝ちパターン,1,"協力者, 賢明な判断, 混乱の収束",雷火豊,"協力者, 吉, 混乱の収束, 賢明な判断",67,40,28,55,能動,84,28,"状況:変革期, 力学:下剋上リスク, 力学:協力者なし"
雷火豊 六五,331,55,六五,来章。有慶誉。吉。 （しょうをきたす。けいよあり。きち。） 意味：文が来る。慶びと誉れがある。吉。,これまでの努力が実を結び、最高の繁栄と名声（慶誉）を得る。その成果は広く社会に認められ、文化的な価値を持つまでに輝く、理想的な成功。,大勝ちパターン,2,"最高の栄誉, 名声, 成功",雷火豊,"吉, 名声, 成功, 最高の栄誉",92,45,56,35,受動,32,52,"状況:絶頂期, 力学:協力者なし"
雷火豊 上六,332,55,上六,豊其屋。蔀其家。窺其戸。闃其无人。…凶。 （そのおくをゆたかにす。そのいえをおおう。そのこをうかがう。げきとしてひとなし。…きょう。） 意味：その家を豊かにする。その家を覆う。戸を覗いても誰もいない。…凶。,成功のあまり、外部との交流を断ち、内側に閉じこもる。表面的な華やかさだけが残り、内部は空虚になり、完全に孤立してしまう、繁栄の末の破滅。,破滅パターン,-2,"孤立, 虚飾, 破滅",雷火豊,"凶, 孤立, 破滅, 虚飾",17,40,44,65,受動,44,32,"状況:終極期, 力学:協力者あり"
火山旅 初六,333,56,初六,旅瑣瑣。斯其所取災。 （りょささ。これそのわざわいをところ。） 意味：旅人が細々としている。そのために災いを招く。,旅の始まりで、些細なことばかりに心を奪われ、大局的な視点を持てない。その卑屈で余裕のない態度が、かえってトラブルを引き寄せる。,破滅パターン,-2,"些細なこと, 視野の狭さ, 災い",火山旅,"些細なこと, 災い, 視野の狭さ",17,40,52,25,受動,40,52,"状況:黎明期, 力学:協力者あり"
火山旅 六二,334,56,六二,旅即次。懐其資。得童僕貞。 （りょにしてつきにつく。そのしをいだく。どうぼくをえててい。） 意味：旅で宿に着く。懐に資金がある。忠実な若い召使いを得る。,旅の途中で、一時的に安全な場所を見つけ、必要な資源も確保できている。さらに、信頼できる協力者も得られる、恵まれた安定期。,勝ちパターン,1,"休息, 安定, 協力者",火山旅,"休息, 協力者, 安定",83,40,72,35,受動,12,58,"状況:安定期, 力学:協力者なし, 力学:順当な力関係, 心理:正道堅持"
火山旅 九三,335,56,九三,旅焚其次。喪其童僕貞。厲。 （りょそのつきをやき、そのどうぼくのていをうしなう。あやうし。） 意味：旅人がその宿を燃やす。忠実な召使いを失う。危うい。,旅のストレスや傲慢さから、感情的に行動し、自らの居場所や、せっかく築いた信頼関係を破壊してしまう。自滅的な行動であり、非常に危険。,破滅パターン,-2,"自滅, 傲慢, 信頼喪失",火山旅,"リスクあり, 信頼喪失, 傲慢, 自滅",17,40,32,70,能動,48,24,"状況:移行期, 力学:協力者なし, 心理:正道堅持"
火山旅 九四,336,56,九四,旅于処。得其資斧。我心不快。 （りょしょにあり。そのしふをう。わがこころふかい。） 意味：旅人が仮の宿にいる。その財産と武器を得る。私の心は不快だ。,ある程度の安定と必要な資源は確保できたが、そこは真の安住の地ではない。心が満たされず、常に不安や不満を抱えている、中途半端な状態。,停滞・中立パターン,0,"仮の宿, 不満, 精神的葛藤",火山旅,"不満, 仮の宿, 精神的葛藤",50,55,40,45,能動,60,44,"状況:変革期, 力学:下剋上リスク, 力学:協力者あり"
火山旅 六五,337,56,六五,射雉一矢亡。終以誉命。 （いをいていっしをうしなう。おわりにもってほまれとめいをう。） 意味：雉を射て一本の矢で仕留める。最終的に誉れと使命を得る。,旅の途中で、その優れた能力を発揮し、見事な成果を上げる。その実力が認められ、周囲から高い評価と、新たな役割や地位を与えられる。,大勝ちパターン,2,"実力発揮, 成功, 名声, 抜擢",火山旅,"名声, 実力発揮, 成功, 抜擢",92,45,64,35,受動,24,56,"状況:絶頂期, 力学:協力者なし, 力学:順当な力関係"
火山旅 上九,338,56,上九,鳥焚其巣。旅人先笑後号咷。…凶。 （とりそのすをやき、りょじんさきにわらいのちにごうとうす。…きょう。） 意味：鳥がその巣を燃やす。旅人は初め笑い、後で泣き叫ぶ。…凶。,旅の成功に油断し、軽率な行動を取った結果、帰るべき場所や、築き上げてきた基盤を全て失う。最初は楽観していても、やがて絶望に変わる、悲劇的な結末。,破滅パターン,-2,"油断, 喪失, 破滅",火山旅,"凶, 喪失, 油断, 破滅",8,40,24,75,能動,56,18,"状況:終極期, 力学:協力者なし"
巽為風 初六,339,57,初六,進退。利武人之貞。 （しんたい。ぶじんのていによろし。） 意味：進んだり退いたりする。武人の正しさが良い。,新しい状況で、どう行動すべきか迷い、進むか退くか決めかねている。この優柔不断な状態では、強い意志（武人）を持つことが、道を切り開く鍵となる。,やや破滅パターン,-1,"優柔不断, 迷い, 始まり",巽為風,"優柔不断, 始まり, 迷い",33,35,48,35,受動,32,44,"状況:黎明期, 力学:協力者なし, 力学:順当な力関係, 心理:正道堅持"
巽為風 九二,340,57,九二,巽在牀下。用史巫紛若。吉无咎。 （そんざいしょうか。しふをもちうことふんじょ。きちにしてとがなし。） 意味：風が寝台の下にいる。史巫を多く用いる。吉で咎めなし。,問題が水面下で進行し、状況が錯綜している。専門家（史巫）の意見を広く求めることで、問題の本質を明らかにし、正しく対処できる。,勝ちパターン,1,"隠れた問題, 専門家, 情報収集",巽為風,"吉, 問題なし, 専門家, 情報収集, 隠れた問題",75,55,56,35,能動,32,56,"状況:安定期, 力学:協力者なし"
巽為風 九三,341,57,九三,頻巽。吝。 （ひんそん。りん。） 意味：繰り返し従う（優柔不断）。恥ずかしいことだ。,柔軟であろうとするあまり、自分の意見が定まらず、方針がコロコロと変わる。その優柔不断さが、周囲からの信頼を失い、恥をかく原因となる。,やや破滅パターン,-1,"一貫性の欠如, 信頼喪失, 決断力不足",巽為風,"一貫性の欠如, 信頼喪失, 決断力不足",33,40,20,85,能動,76,12,"状況:移行期, 力学:下剋上リスク, 力学:協力者なし"
巽為風 六四,342,57,六四,悔亡。田獲三品。 （くいほろぶ。でんにさんぴんをう。） 意味：悔いがなくなる。狩りで三種類の獲物を得る。,これまでの努力が実を結び、過去の後悔が消える。自身の能力を様々な分野で発揮し、同時に複数の大きな成果を得られる、絶好調の時期。,大勝ちパターン,2,"大成功, 成果, 多角化",巽為風,"多角化, 大成功, 成果",92,25,56,45,受動,48,40,"状況:変革期, 力学:協力者なし, 力学:順当な力関係, 心理:内省"
巽為風 九五,343,57,九五,貞吉。悔亡。无不利。…先庚三日、後庚三日。 （ていきち。くいほろぶ。ふりなきなし。…こうにさきだつことみっか、こうにおくれることみっか。） 意味：正しくして吉。悔いなし。不利なことはない。…庚の三日前、三日後に（慎重に準備する）。,最高の立場にあるリーダーが、公正な姿勢で組織を導く。大きな変革（庚）の際には、入念な準備と事後処理を行うことで、万事を成功させる。,大勝ちパターン,2,"賢明なリーダー, 周到な準備, 成功",巽為風,"吉, 周到な準備, 成功, 賢明なリーダー",100,70,64,45,能動,20,62,"状況:変革期, 状況:絶頂期, 力学:協力者なし, アクション:準備, 心理:内省, 心理:慎重, 心理:正道堅持"
巽為風 上九,344,57,上九,巽在牀下。喪其資斧。貞凶。 （そんざいしょうか。そのしふをうしなう。ていはきょう。） 意味：風が寝台の下にいる。その財産と武器を失う。正しくても凶。,謙虚さや従順さが行き過ぎて、自分の意見や能力を全く主張できなくなる。その結果、主体性や持てる力（資斧）を全て失い、破滅に至る。,破滅パターン,-2,"主体性の喪失, 機能不全, 破滅",巽為風,"主体性の喪失, 凶, 機能不全, 破滅",8,40,24,75,能動,44,18,"状況:終極期, 力学:協力者なし, 心理:正道堅持, 心理:謙虚"
兌為沢 初九,345,58,初九,和兌。吉。 （わえつ。きち。） 意味：和やかに喜ぶ。吉。,新しい関係の始まり。激しい感情ではなく、穏やかで調和のとれた喜びを感じる。心からの満足感があり、良好なスタートを切れる。,勝ちパターン,1,"調和, 穏やか, 満足感",兌為沢,"吉, 満足感, 穏やか, 調和",75,40,48,35,能動,52,46,"状況:黎明期, 力学:協力者なし"
兌為沢 九二,346,58,九二,孚兌。吉。悔亡。 （ふえつ。きち。くいほろぶ。） 意味：真心をもって喜ぶ。吉。悔いは消える。,偽りのない、真心からの喜びや共感。その誠実さが相手に伝わり、深い信頼関係が築かれ、過去の誤解や後悔も解消される、最高の状態。,大勝ちパターン,2,"誠実, 信頼, 共感",兌為沢,"信頼, 共感, 吉, 誠実",92,55,44,65,能動,48,38,"状況:安定期, 力学:下剋上リスク, 力学:協力者なし, 心理:内省"
兌為沢 六三,347,58,六三,来兌。凶。 （らいえつ。きょう。） 意味：（外から）やって来る喜び。凶。,自分の内から湧き出る喜びではなく、外部からの安易な快楽や、無責任な誘惑に流される。その軽薄な行動が、かえって災いを招く。,破滅パターン,-2,"軽薄, 誘惑, 表面的な喜び",兌為沢,"凶, 表面的な喜び, 誘惑, 軽薄",8,25,32,75,受動,52,16,"状況:移行期, 力学:協力者なし, 力学:順当な力関係"
兌為沢 九四,348,58,九四,商兌未寧。介疾有喜。 （しょうえついまだやすからず。かいしつありてよろこびあり。） 意味：喜びを熟慮して、まだ安定しない。病を断ち切って喜びがある。,喜びの中にも、まだ解決すべき問題や不安（病）を抱えている。しかし、その問題点を断固として断ち切る決断をすれば、真の喜びを得ることができる。,勝ちパターン,1,"決断, 悪縁を断つ, 問題解決",兌為沢,"問題解決, 悪縁を断つ, 決断",67,40,40,35,能動,44,42,"状況:変革期, 力学:協力者なし"
兌為沢 九五,349,58,九五,孚于剥。厲。 （はくにまことあり。あやうし。） 意味：剥がれ落ちる者に真心を持つ。危うい。,信頼すべきでない、不正な者や、衰退している組織を、真心から信じてしまう。その見当違いの信頼が、自分自身を非常に危険な状況に陥れる。,やや破滅パターン,-1,"判断ミス, 信頼の誤り, 危険",兌為沢,"リスクあり, 信頼の誤り, 判断ミス, 危険",50,60,52,70,能動,48,42,"状況:絶頂期, 力学:下剋上リスク, 力学:協力者なし"
兌為沢 上六,350,58,上六,引兌。 （いんえつ。） 意味：（不適切な喜びに）引き込まれる。（凶）,節度を失い、快楽や享楽に溺れてしまう最終段階。言葉巧みに、あるいは自ら進んで、不誠実で中身のない喜びに引き込まれ、破滅する。,破滅パターン,-2,"享楽, 節度のなさ, 自滅",兌為沢,"享楽, 凶, 節度のなさ, 自滅",17,25,32,75,受動,56,16,"状況:終極期, 力学:協力者なし"
風水渙 初六,351,59,初六,用拯馬壮。吉。 （じょうばをもちいてすくう。きち。） 意味：強い馬を用いて助け出す。吉。,困難や停滞の初期段階で、強力なサポートやリソース（強い馬）を動員し、迅速に問題解決にあたる。その的確な初動が、良い結果をもたらす。,勝ちパターン,1,"迅速な対応, 危機管理, 支援",風水渙,"危機管理, 吉, 支援, 迅速な対応",67,25,48,35,受動,56,40,"状況:困窮状態, 状況:黎明期, 力学:協力者なし, 力学:順当な力関係"
風水渙 九二,352,59,九二,渙奔其机。悔亡。 （かんそのきにはしる。くいほろぶ。） 意味：散り散りになって、その机（安全な場所）に走り寄る。悔いは消える。,混乱や困難の最中に、いち早く安全な場所や頼れる支援（机）を見つけ出し、そこに駆け込む。危機を回避し、過去の後悔が解消される。,勝ちパターン,1,"安定の確保, 危機回避, 悔いの解消",風水渙,"危機回避, 安定の確保, 悔いの解消",75,55,56,45,能動,20,52,"状況:困窮状態, 状況:安定期, 力学:協力者なし, 心理:内省"
風水渙 六三,353,59,六三,渙其躬。无悔。 （そのきゅうをかんす。くいなし。） 意味：その身（私心）を散らす。悔いはない。,組織や全体の利益のために、自分のエゴや私的な欲望を捨てて、問題解決に貢献する。その無私な姿勢が、後悔のない、素晴らしい結果を生む。,大勝ちパターン,2,"無私, 貢献, 大義",風水渙,"大義, 無私, 貢献",83,55,32,75,能動,64,28,"状況:移行期, 力学:下剋上リスク, 力学:協力者あり, 心理:内省"
風水渙 六四,354,59,六四,渙其群。元吉。渙有丘。匪夷所思。 （そのぐんをかんす。げんきち。かんにしておかあり。いの思うところにあらず。） 意味：その群れを散らす。大いに吉。散らばったものが丘のように集まる。常人には考えられないこと。,組織の硬直化を解消するため、あえて既存の派閥やグループを解体する。その大胆な改革が、予期せぬ形で、より強固な新しい結束を生み出す。,大勝ちパターン,2,"抜本的改革, 組織再編, 大同団結",風水渙,"吉, 大同団結, 抜本的改革, 組織再編",92,25,56,35,受動,48,44,"状況:変革期, 力学:協力者なし, 力学:順当な力関係"
風水渙 九五,355,59,九五,渙汗其大号。渙王居。无咎。 （かんかんそのだいごう。かんおうきょ。とがなし。） 意味：汗のように大号令が広がる。王の居場所が散る。咎めなし。,リーダーが、私心なく、公正な目的のために大規模な改革の指示を出す。古い権威や既得権益を解消するその行動は、正しく、咎められることはない。,大勝ちパターン,2,"リーダーシップ, 大改革, 決断",風水渙,"リーダーシップ, 問題なし, 大改革, 決断",100,60,52,55,受動,36,48,"状況:変革期, 状況:絶頂期, 力学:下剋上リスク, 力学:協力者なし"
風水渙 上九,356,59,上九,渙其血。去逖出。无咎。 （そのけつをかんす。さかりていず。とがなし。） 意味：その血を散らす。遠く離れて出る。咎めはない。,深刻な危険（血）が及ぶ前に、その状況や場所から賢明に身を引き、遠くへ離れる。危機を未然に回避する、正しい自己防衛。,勝ちパターン,1,"危険回避, 撤退, 自己防衛",風水渙,"危険回避, 問題なし, 撤退, 自己防衛",67,40,44,45,受動,56,40,"状況:終極期, 力学:協力者あり"
水沢節 初九,357,60,初九,不出戸庭。无咎。 （こていをいでず。とがなし。） 意味：戸口から外へ出ない。咎めはない。,新しいことを始める際、焦って行動せず、まずは自分の内側（戸庭）で準備を整える。その慎重な自己抑制が、後の過ちを防ぎ、咎められない。,停滞・中立パターン,0,"自己抑制, 準備, 慎重",水沢節,"問題なし, 慎重, 準備, 自己抑制",50,25,48,35,受動,56,40,"状況:黎明期, 力学:協力者なし, 力学:順当な力関係, アクション:準備, 心理:慎重"
水沢節 九二,358,60,九二,不出門庭。凶。 （もんていをいでず。きょう。） 意味：門から外へ出ない。凶。,節度が行き過ぎ、行動が極端に消極的になる。外部との交流を完全に断ち、自分の殻に閉じこもることで、重要な機会を逃し、事態は悪化する。,破滅パターン,-2,"過度な抑制, 孤立, 機会損失",水沢節,"凶, 孤立, 機会損失, 過度な抑制",25,55,44,75,能動,60,34,"状況:安定期, 力学:下剋上リスク, 力学:協力者なし"
水沢節 六三,359,60,六三,不節若。則嗟若。无咎。 （せっせざるがごとし。すなわちさするがごとし。とがなし。） 意味：節度がないようだ。そのため嘆く。咎めはない。（※解釈テキストでは「節之弗亨」）,規律が厳しすぎる、あるいは緩すぎるなど、節度のあり方に問題があり、不満や嘆きが生じている。しかし、その問題に気づき、反省しているため、大きな咎めには至らない。,やや破滅パターン,-1,"不適切な規律, 不満, 反発",水沢節,"不満, 不適切な規律, 反発, 問題なし",25,50,36,45,受動,48,40,"状況:移行期, 力学:協力者あり"
水沢節 六四,360,60,六四,安節。亨。 （あんせつ。とおる。） 意味：安らかな節度。亨る。,無理がなく、自然で、誰もが納得できるような適切な規律が保たれている。その心地よい節度によって、物事はスムーズに進み、成功する。,大勝ちパターン,2,"心地よい規律, 調和, 成功",水沢節,"心地よい規律, 成功, 調和",92,35,56,35,受動,36,48,"状況:変革期, 力学:協力者なし, 力学:順当な力関係"
水沢節 九五,361,60,九五,甘節。吉。往有尚。 （かんせつ。きち。ゆけばたっとばるることあり。） 意味：甘美な節度。吉。進んで賞賛される。,リーダーが、人々が喜んで従うような、賢明で思いやりのある規律を設ける。その優れたリーダーシップが、周囲からの支持と賞賛を集め、物事を成功に導く。,大勝ちパターン,2,"賢明なリーダー, 信頼, 支持",水沢節,"信頼, 吉, 支持, 賢明なリーダー",100,60,64,35,能動,32,62,"状況:絶頂期, 力学:協力者なし"
水沢節 上六,362,60,上六,苦節。貞凶。悔亡。 （くせつ。ていはきょう。くいほろぶ。） 意味：苦しい節度。正しくても凶。悔いは消える。,節度や規律が極限に達し、それが苦痛となっている。無理な自己犠牲や、過剰な制約を続けると、心身が破綻する。その苦しみを通じて学ぶことで、後悔はなくなるが、状態としては凶。,破滅パターン,-2,"過剰な制約, 苦痛, 破綻",水沢節,"凶, 破綻, 苦痛, 過剰な制約",8,55,36,75,能動,32,30,"状況:終極期, 力学:協力者あり, 心理:内省, 心理:正道堅持"
風沢中孚 初九,363,61,初九,虞吉。有他不燕。 （ぐきち。たあればやすからず。） 意味：備えあれば吉。他に心があれば、安らかではない。（※解釈テキストでは「輿説輹」）,（解釈テキストに基づき）関係の始まりで、まだ信頼関係が不十分な、不安定な状態。軽率に行動すれば危険であり、まずは自分自身の心を落ち着かせ、信頼の土台作りに専念すべき時。,やや破滅パターン,-1,"不安定, 不安, 信頼不足",風沢中孚,"不安, 不安定, 信頼不足, 吉",42,55,60,25,能動,28,62,"状況:黎明期, 力学:協力者あり"
風沢中孚 九二,364,61,九二,鳴鶴在陰。其子和之。我有好爵。吾与爾靡之。 （めいかくかげにあり。そのここれにわす。われにこうしゃくあり。われなんじとこれをともにせん。） 意味：鶴が陰で鳴き、子がこれに和す。良い酒がある。共に分かち合おう。,自分の徳を誇示せずとも、その真心は自然と周囲に伝わり、共感を呼ぶ。同じ志を持つ者が集い、喜びを分かち合う、最高の信頼関係。,大勝ちパターン,2,"共感, 誠実, 自然な影響力",風沢中孚,"共感, 自然な影響力, 誠実",92,55,44,55,能動,48,42,"状況:安定期, 力学:下剋上リスク, 力学:協力者なし"
風沢中孚 六三,365,61,六三,得敵。或鼓或罷。或泣或歌。 （てきをう。あるいはこしあるいはやむ。あるいはなきあるいはうたう。） 意味：敵を得る。あるいは鼓を打ち、あるいはやめ、あるいは泣き、あるいは歌う。,信頼関係が不十分な中で、軽率な行動をとった結果、対立関係を生んでしまう。感情的に不安定になり、一貫性のない行動で、状況を混乱させる。,やや破滅パターン,-1,"不安定な関係, 感情の揺れ, 一貫性の欠如",風沢中孚,"一貫性の欠如, 不安定な関係, 感情の揺れ",25,40,36,45,受動,48,36,"状況:移行期, 力学:協力者あり"
風沢中孚 六四,366,61,六四,月幾望。馬匹亡。无咎。 （つきぼうにちかし。ばひつほろぶ。とがなし。） 意味：月はほとんど満月だ。馬を失う。咎めはない。,信頼関係がほぼ完成に近づいている（月幾望）。より本質的な関係のために、些細なことや過去のしがらみ（馬匹）を捨てる必要があっても、それは咎められない。,勝ちパターン,1,"選択と集中, 犠牲, 向上",風沢中孚,"向上, 問題なし, 犠牲, 選択と集中",75,40,68,25,受動,36,60,"状況:変革期, 力学:協力者あり, 力学:順当な力関係"
風沢中孚 九五,367,61,九五,有孚攣如。无咎。 （まことありてれんじょたり。とがなし。） 意味：真心があり、固く結びつく。咎めはない。,リーダーが真心をもって人々を導き、組織やチームが、揺るぎない信頼関係で固く結びついている最高の状態。物事はスムーズに進み、咎められることがない。,大勝ちパターン,2,"結束, 信頼, リーダーシップ",風沢中孚,"リーダーシップ, 信頼, 問題なし, 結束",100,60,64,35,能動,32,62,"状況:絶頂期, 力学:協力者なし"
風沢中孚 上九,368,61,上九,翰音登于天。貞凶。 （かんおんてんにのぼる。ていはきょう。） 意味：鳥の鳴き声だけが天に昇る。正しくても凶。,行動や真心が伴わず、口先だけの言葉や理論だけが空しく響き渡っている。その空虚さは誰の心にも届かず、信頼を失い、破滅を招く。,破滅パターン,-2,"口先だけ, 空虚, 虚飾",風沢中孚,"凶, 口先だけ, 空虚, 虚飾",8,55,36,65,能動,32,34,"状況:終極期, 力学:協力者あり, 心理:正道堅持"
雷山小過 初六,369,62,初六,飛鳥以凶。 （ひちょうもってきょう。） 意味：飛んでいる鳥は凶となる。,状況をわきまえず、分不相応に、あるいは軽率に、目立つ行動を取ってしまう。その突出した行動が、かえって災いを招く、という強い警告。,破滅パターン,-2,"軽率, 分不相応, 突出",雷山小過,"凶, 分不相応, 突出, 軽率",17,40,52,45,受動,40,44,"状況:黎明期, 力学:協力者あり"
雷山小過 六二,370,62,六二,過其祖。遇其妣。…不及其君。遇其臣。无咎。 （そのそをすぎ、そのひにあう。…そのきみにおよばず、そのしんにあう。とがなし。） 意味：祖父を通り過ぎ、祖母に会う。…君主に会わず、臣下に会う。咎めなし。（※解釈テキストでは「弗過弗及」）,どんな状況でも、過度な行動も不足した行動もなく、常にバランスの取れた中庸の道を選ぶ。派手さはないが、堅実な姿勢が、最高の幸運を招く。,大勝ちパターン,2,"中庸, バランス, 堅実",雷山小過,"バランス, 中庸, 問題なし, 堅実",100,40,72,35,受動,24,58,"状況:安定期, 力学:協力者なし, 力学:順当な力関係"
雷山小過 九三,371,62,九三,弗過防之。従或戕之。凶。 （すぎずしてこれをふせぐ。したがえばあるいはこれをそこなう。きょう。） 意味：行き過ぎないように防ぐ。従う者が、あるいはこれを傷つける。凶。,失敗を恐れるあまり、過度に慎重になりすぎる。その過剰な警戒心が、かえって周囲の行動を阻害したり、不信感を生んだりして、悪い結果を招く。,破滅パターン,-2,"過剰な警戒, 不信感, 裏目",雷山小過,"不信感, 凶, 裏目, 過剰な警戒",17,55,44,65,能動,48,38,"状況:移行期, 力学:協力者あり, 心理:慎重"
雷山小過 九四,372,62,九四,无咎。弗過遇之。往厲必戒。… （とがなし。すぎずしてこれにあう。ゆけばあやうきもかならずいましむ。…） 意味：咎めはない。行き過ぎずに出会う。進めば危ういが必ず戒める。,困難な状況に直面しても、冷静さを保ち、軽率な行動を避ける。常に自らを律し、警戒心を保つことで、大きな問題（咎め）は生じない。,停滞・中立パターン,0,"慎重, 危機管理, 警戒",雷山小過,"リスクあり, 危機管理, 問題なし, 慎重, 警戒",50,55,40,60,能動,72,38,"状況:困窮状態, 状況:変革期, 力学:下剋上リスク, 力学:協力者あり"
雷山小過 六五,373,62,六五,密雲不雨。…公弋取彼在穴。 （みつうんあめふらず。…こうよくもってかのあなにあるをとる。） 意味：密雲が立ちこめるが雨は降らない。…公が穴にいる鳥獣を射取る。,準備は整っているが、あと一歩のところで成果が出ない、もどかしい状況。リーダーが、隠れた問題点や才能を見抜き、的確な指示を出すことで、初めて事態が打開される。,停滞・中立パターン,0,"停滞, 機会損失, リーダーシップ",雷山小過,"リーダーシップ, 停滞, 機会損失",58,45,56,35,受動,32,52,"状況:絶頂期, 力学:協力者なし, アクション:準備"
雷山小過 上六,374,62,上六,弗遇過之。飛鳥離之。凶。是謂災眚。 （あわずしてこれをすぐ。ひちょうこれをはなる。きょう。これをさいがいという。） 意味：会わずに行き過ぎる。飛ぶ鳥がこれを見離す。凶。これを災いという。,謙虚さや慎重さが行き過ぎて、行動すべき時に行動できず、絶好の機会を逃してしまう。その消極性が、結果的に最悪の事態（災眚）を招く。,破滅パターン,-2,"消極的, 機会損失, 失敗",雷山小過,"凶, 失敗, 機会損失, 消極的",17,40,44,65,受動,44,32,"状況:終極期, 力学:協力者あり, 心理:慎重, 心理:謙虚"
水火既済 初九,375,63,初九,曳其輪。濡其尾。无咎。 （そのりんをひく。そのおをぬらす。とがなし。） 意味：その車輪を引きずる。その尾を濡らす。咎めはない。,完成直後の段階。勢いに任せて突進せず、あえてブレーキをかけるように、極めて慎重に行動する。その注意深さが、咎めなき安定を保つ。,停滞・中立パターン,0,"慎重, 抑制, 始まり",水火既済,"問題なし, 始まり, 慎重, 抑制",58,55,48,45,能動,56,48,"状況:黎明期, 力学:下剋上リスク, 力学:協力者あり, 心理:慎重"
水火既済 六二,376,63,六二,婦喪其茀。勿逐。七日得。 （ふそのふつをうしなう。おうなかれ。しちじつう。） 意味：婦人が飾りを失う。追うな。七日で取り戻せる。,安定した状況で、些細な問題や小さな損失が発生する。しかし、焦って追い求めず、冷静に時を待てば、自然と回復する。,勝ちパターン,1,"忍耐, 冷静な対応, 小さな問題",水火既済,"冷静な対応, 小さな問題, 忍耐",83,55,84,25,受動,12,74,"状況:安定期, 力学:協力者あり, 力学:順当な力関係"
水火既済 九三,377,63,九三,高宗伐鬼方。三年克之。小人勿用。 （こうそうきほうをうつ。さんねんにしてこれにかつ。しょうじんもちうるなかれ。） 意味：高宗が鬼方を討伐する。三年かけて勝利する。小人を用いてはならない。,完成したかに見えた状況の裏で、根深い問題が再燃する。解決には、長期的な努力と、正しい人材の登用が必要となる、困難な戦いの時期。,停滞・中立パターン,0,"長期的な困難, 試練, 粘り強さ",水火既済,"粘り強さ, 試練, 長期的な困難",50,65,32,65,受動,52,36,"状況:困窮状態, 状況:移行期, 力学:下剋上リスク, 力学:協力者あり, アクション:現状維持"
水火既済 六四,378,63,六四,繻有衣袽。終日戒。 （じゅにいじょあり。しゅうじついましむ。） 意味：破れた衣服にボロをあてる。一日中警戒する。,表面上は安定していても、常に危機意識を持ち、将来起こりうるリスクに備えて、地道な補修や改善を怠らない。その警戒心が、安定を持続させる。,勝ちパターン,1,"危機管理, 警戒, 継続的改善",水火既済,"危機管理, 継続的改善, 警戒",75,40,68,25,受動,36,60,"状況:変革期, 力学:協力者あり, 力学:順当な力関係"
水火既済 六五,379,63,六五,東鄰殺牛。不如西鄰之禴祭、実受其福。 （とうりんうしをころす。せいりんのやくさい、じつにそのふくをくるるにしかず。） 意味：東隣が牛で祭るより、西隣の質素な祭りの方が、福を受ける。,成功を祝う際、派手な祝宴や見せかけの豪華さよりも、質素でも真心がこもった感謝や共有の方が、真の幸福をもたらす。,大勝ちパターン,2,"誠実, 本質, 質素",水火既済,"本質, 誠実, 質素",100,75,64,45,能動,36,64,"状況:絶頂期, 力学:下剋上リスク, 力学:協力者あり"
水火既済 上六,380,63,上六,濡其首。厲。 （そのこうべをぬらす。あやうし。） 意味：その頭まで水に浸かる。危うい。（※解釈テキストでは凶）,完成の極みで、完全に油断しきっている状態。成功体験に溺れ、変化に対応できず、転落する。慢心がもたらす、最悪の結末。,破滅パターン,-2,"油断, 慢心, 転落",水火既済,"リスクあり, 凶, 慢心, 油断, 転落",17,40,44,80,受動,44,26,"状況:終極期, 力学:協力者あり"
火水未済 初六,381,64,初六,濡其尾。吝。 （そのおをぬらす。りん。） 意味：その尾を濡らす。恥ずかしいことだ。,物事の始まりで、経験が浅く、慎重さに欠けた行動で、些細な失敗をしてしまう。その未熟さが露呈し、少し恥ずかしい思いをする。,やや破滅パターン,-1,"軽率, 始まりの失敗, 未熟",火水未済,"始まりの失敗, 未熟, 軽率",33,40,60,35,受動,32,52,"状況:黎明期, 力学:協力者あり, 力学:順当な力関係, 心理:慎重"
火水未済 九二,382,64,九二,曳其輪。貞吉。 （そのりんをひく。ていきち。） 意味：その車輪を引きずる。正しくしていれば吉。,計画が期待通りに進まず、停滞している。しかし、この困難な状況で焦らず、冷静に、そして着実に物事を進めるその姿勢が、最終的な成功を呼ぶ。,勝ちパターン,1,"忍耐, 自制, 慎重",火水未済,"吉, 忍耐, 慎重, 自制",75,70,56,45,能動,24,58,"状況:困窮状態, 状況:安定期, 力学:下剋上リスク, 力学:協力者あり, 心理:正道堅持"
火水未済 六三,383,64,六三,未済征凶。利涉大川。 （いまだすまざるにゆけばきょう。たいせんをわたるによろし。） 意味：未完成なまま進めば凶。大河を渡るのがよい。,準備が不十分なまま、無謀な行動や危険な挑戦をすると、大きな失敗を招く。まずは一旦立ち止まり、十分な準備を整えることが不可欠。,破滅パターン,-2,"準備不足, 無謀, 失敗",火水未済,"凶, 失敗, 準備不足, 無謀",8,50,44,65,能動,52,36,"状況:移行期, 力学:協力者あり, 力学:順当な力関係, アクション:準備"
火水未済 九四,384,64,九四,貞吉。悔亡。震用伐鬼方。三年有賞于大国。 （ていきち。くいほろぶ。しんもってきほうをうつ。さんねんにしてたいこくによろこびあり。） 意味：正しくして吉。悔いはなくなる。雷を用いて鬼方を討伐する。三年後に大国から賞を得る。,長い困難や未解決の問題に対し、強い意志と断固たる行動力で立ち向かう。時間がかかっても、粘り強く努力を続ければ、必ずやそれを克服し、大きな成果と評価を得られる。,大勝ちパターン,2,"困難の克服, 長期的な努力, 勝利",火水未済,"勝利, 吉, 困難の克服, 長期的な努力",83,55,40,55,能動,48,40,"状況:困窮状態, 状況:変革期, 力学:下剋上リスク, 力学:協力者あり, 心理:内省, 心理:正道堅持"
火水未済 六五,385,64,六五,貞吉。无悔。君子之光。有孚。吉。 （ていきち。くいなし。くんしのひかり。まことあり。きち。） 意味：正しくして吉。悔いはない。君子の光。真心がある。吉。,物事がほぼ完成に近づき、理想的な状態となる。リーダーがその徳と能力で周囲を照らし、揺るぎない信頼と支持を得て、最高の幸運を掴む。,大勝ちパターン,2,"理想のリーダー, 徳, 信頼, 完成間近",火水未済,"信頼, 吉, 完成間近, 徳, 理想のリーダー",92,60,76,35,受動,0,68,"状況:絶頂期, 力学:協力者あり, 力学:順当な力関係, 心理:内省, 心理:正道堅持"
火水未済 上九,386,64,上九,有孚于飲酒。无咎。濡其首。… （いんしゅにまことあり。とがなし。そのこうべをぬらす。…） 意味：真心をもって酒を飲む。咎めなし。その頭まで濡らす。,目標が達成され、仲間とその喜びを分かち合う。しかし、その喜びに溺れ、節度を失うと（頭まで濡らす）、油断から新たな失敗を招く危険性がある。,やや破滅パターン,-1,"油断, 慢心, 節度のなさ",火水未済,"問題なし, 慢心, 油断, 節度のなさ",25,55,36,45,能動,44,42,"状況:終極期, 力学:協力者あり"